institute,pig_group_unique,pig_id_unique,unique_paired,date,time,location,pen_space_m2,sample,context,context2,type,violation_expectations,age_days,weight_start_kg,group_weight_kg,oxyt_pgmL,cort_ngmL,eye_IRT_max,posture_at_sampling,tail_IRT_max,tail_IRT_min,tail_IRT_average,ear_IRT_max,ear_IRT_min,ear_IRT_average,snout_IRT_max,snout_IRT_min,snout_IRT_average
AU,AU_1,382,6,30.11.2021,08:44,home pen,13.52,pre,positive,anticipation_reward,physical,yes,110,87,336.7,159.075,20.834,38.85,lying,NA,NA,NA,NA,NA,NA,NA,NA,NA
AU,AU_1,382,6,30.11.2021,09:14,home pen,13.52,post,positive,anticipation_reward,physical,yes,110,87,336.7,91.078,13.222,36.9,standing,NA,NA,NA,NA,NA,NA,NA,NA,NA
AU,AU_1,382,5,01.12.2021,08:36,home pen,13.52,pre,negative,anticipation_noreward,physical,yes,111,87,336.7,79.926,9.778,36.7,standing,NA,NA,NA,NA,NA,NA,NA,NA,NA
AU,AU_1,382,5,01.12.2021,09:06,home pen,13.52,post,negative,anticipation_noreward,physical,yes,111,87,336.7,42.415,2.402,39.3,lying,NA,NA,NA,NA,NA,NA,NA,NA,NA
AU,AU_1,668,34,30.11.2021,08:44,home pen,13.52,pre,positive,anticipation_reward,physical,yes,110,90.4,336.7,130.376,NA,39.2,standing,NA,NA,NA,NA,NA,NA,NA,NA,NA
AU,AU_1,668,34,30.11.2021,09:14,home pen,13.52,post,positive,anticipation_reward,physical,yes,110,90.4,336.7,NA,28.578,37.95,standing,NA,NA,NA,NA,NA,NA,NA,NA,NA
AU,AU_1,668,33,01.12.2021,08:36,home pen,13.52,pre,negative,anticipation_noreward,physical,yes,111,90.4,336.7,NA,4.436,37.05,standing,NA,NA,NA,NA,NA,NA,NA,NA,NA
AU,AU_1,668,33,01.12.2021,09:06,home pen,13.52,post,negative,anticipation_noreward,physical,yes,111,90.4,336.7,NA,8.614,36.9,standing,NA,NA,NA,NA,NA,NA,NA,NA,NA
AU,AU_1,692,42,30.11.2021,08:44,home pen,13.52,pre,positive,anticipation_reward,physical,yes,110,67.7,336.7,92.87,13.895,37.6,standing,NA,NA,NA,NA,NA,NA,NA,NA,NA
AU,AU_1,692,42,30.11.2021,09:14,home pen,13.52,post,positive,anticipation_reward,physical,yes,110,67.7,336.7,98.941,4.698,37.25,standing,NA,NA,NA,NA,NA,NA,NA,NA,NA
AU,AU_1,692,41,01.12.2021,08:36,home pen,13.52,pre,negative,anticipation_noreward,physical,yes,111,67.7,336.7,98.389,11.003,37.5,standing,NA,NA,NA,NA,NA,NA,NA,NA,NA
AU,AU_1,692,41,01.12.2021,09:06,home pen,13.52,post,negative,anticipation_noreward,physical,yes,111,67.7,336.7,88.419,7.172,37.2,lying,NA,NA,NA,NA,NA,NA,NA,NA,NA
AU,AU_2,648,27,30.11.2021,09:29,home pen,13.52,pre,positive,anticipation_reward,physical,yes,110,78.9,330,135.175,6.189,37.3,standing,NA,NA,NA,NA,NA,NA,NA,NA,NA
AU,AU_2,648,27,30.11.2021,10:01,home pen,13.52,post,positive,anticipation_reward,physical,yes,110,78.9,330,137.744,2.896,37.5,standing,NA,NA,NA,NA,NA,NA,NA,NA,NA
AU,AU_2,648,26,01.12.2021,09:15,home pen,13.52,pre,negative,anticipation_noreward,physical,yes,111,78.9,330,231.469,5.093,36.55,standing,NA,NA,NA,NA,NA,NA,NA,NA,NA
AU,AU_2,648,26,01.12.2021,09:45,home pen,13.52,post,negative,anticipation_noreward,physical,yes,111,78.9,330,64.76,3.094,37.4,standing,NA,NA,NA,NA,NA,NA,NA,NA,NA
AU,AU_2,652,29,30.11.2021,09:29,home pen,13.52,pre,positive,anticipation_reward,physical,yes,110,83.7,330,147.031,9.02,36.7,standing,NA,NA,NA,NA,NA,NA,NA,NA,NA
AU,AU_2,652,29,30.11.2021,10:01,home pen,13.52,post,positive,anticipation_reward,physical,yes,110,83.7,330,92.74,1.727,38.15,lying,NA,NA,NA,NA,NA,NA,NA,NA,NA
AU,AU_2,652,28,01.12.2021,09:15,home pen,13.52,pre,negative,anticipation_noreward,physical,yes,111,83.7,330,95.287,3.468,36.4,standing,NA,NA,NA,NA,NA,NA,NA,NA,NA
AU,AU_2,652,28,01.12.2021,09:45,home pen,13.52,post,negative,anticipation_noreward,physical,yes,111,83.7,330,64.374,2.26,38.5,lying,NA,NA,NA,NA,NA,NA,NA,NA,NA
AU,AU_2,653,31,30.11.2021,09:29,home pen,13.52,pre,positive,anticipation_reward,physical,yes,110,91.2,330,152.625,5.144,36.7,standing,NA,NA,NA,NA,NA,NA,NA,NA,NA
AU,AU_2,653,31,30.11.2021,10:01,home pen,13.52,post,positive,anticipation_reward,physical,yes,110,91.2,330,168.952,10.169,37.9,lying,NA,NA,NA,NA,NA,NA,NA,NA,NA
AU,AU_2,653,30,01.12.2021,09:15,home pen,13.52,pre,negative,anticipation_noreward,physical,yes,111,91.2,330,179.296,4.989,37.55,lying,NA,NA,NA,NA,NA,NA,NA,NA,NA
AU,AU_2,653,30,01.12.2021,09:45,home pen,13.52,post,negative,anticipation_noreward,physical,yes,111,91.2,330,190.716,4.452,36.65,lying,NA,NA,NA,NA,NA,NA,NA,NA,NA
AU,AU_3,622,19,30.11.2021,10:10,home pen,13.52,pre,positive,anticipation_reward,physical,yes,110,78.2,351.9,43.896,3.34,36.9,standing,NA,NA,NA,NA,NA,NA,NA,NA,NA
AU,AU_3,622,19,30.11.2021,10:40,home pen,13.52,post,positive,anticipation_reward,physical,yes,110,78.2,351.9,61.207,4.142,37.25,standing,NA,NA,NA,NA,NA,NA,NA,NA,NA
AU,AU_3,622,18,01.12.2021,09:52,home pen,13.52,pre,negative,anticipation_noreward,physical,yes,111,78.2,351.9,41.256,1.612,36.4,lying,NA,NA,NA,NA,NA,NA,NA,NA,NA
AU,AU_3,622,18,01.12.2021,10:22,home pen,13.52,post,negative,anticipation_noreward,physical,yes,111,78.2,351.9,44.853,4.384,36.9,standing,NA,NA,NA,NA,NA,NA,NA,NA,NA
AU,AU_3,626,21,30.11.2021,10:10,home pen,13.52,pre,positive,anticipation_reward,physical,yes,110,88.9,351.9,65.41,4.095,37.1,standing,NA,NA,NA,NA,NA,NA,NA,NA,NA
AU,AU_3,626,21,30.11.2021,10:40,home pen,13.52,post,positive,anticipation_reward,physical,yes,110,88.9,351.9,94.43,5.83,38.45,lying,NA,NA,NA,NA,NA,NA,NA,NA,NA
AU,AU_3,626,20,01.12.2021,09:52,home pen,13.52,pre,negative,anticipation_noreward,physical,yes,111,88.9,351.9,131.794,5.192,38.65,lying,NA,NA,NA,NA,NA,NA,NA,NA,NA
AU,AU_3,626,20,01.12.2021,10:22,home pen,13.52,post,negative,anticipation_noreward,physical,yes,111,88.9,351.9,NA,7.91,36.7,lying,NA,NA,NA,NA,NA,NA,NA,NA,NA
AU,AU_4,633,23,30.11.2021,10:45,home pen,13.52,pre,positive,anticipation_reward,physical,yes,110,78.9,330,80.179,6.157,38.9,lying,NA,NA,NA,NA,NA,NA,NA,NA,NA
AU,AU_4,633,23,30.11.2021,11:15,home pen,13.52,post,positive,anticipation_reward,physical,yes,110,78.9,330,99.571,7.093,38.3,lying,NA,NA,NA,NA,NA,NA,NA,NA,NA
AU,AU_4,633,22,01.12.2021,10:27,home pen,13.52,pre,negative,anticipation_noreward,physical,yes,111,78.9,330,150.519,11.712,37.05,standing,NA,NA,NA,NA,NA,NA,NA,NA,NA
AU,AU_4,633,22,01.12.2021,10:57,home pen,13.52,post,negative,anticipation_noreward,physical,yes,111,78.9,330,72.909,6.166,38.3,standing,NA,NA,NA,NA,NA,NA,NA,NA,NA
AU,AU_4,635,25,30.11.2021,10:45,home pen,13.52,pre,positive,anticipation_reward,physical,yes,110,83.7,330,152.689,16.106,37.6,lying,NA,NA,NA,NA,NA,NA,NA,NA,NA
AU,AU_4,635,25,30.11.2021,11:15,home pen,13.52,post,positive,anticipation_reward,physical,yes,110,83.7,330,170.415,13.511,37.95,lying,NA,NA,NA,NA,NA,NA,NA,NA,NA
AU,AU_4,635,24,01.12.2021,10:27,home pen,13.52,pre,negative,anticipation_noreward,physical,yes,111,83.7,330,161.153,NA,36.1,lying,NA,NA,NA,NA,NA,NA,NA,NA,NA
AU,AU_4,635,24,01.12.2021,10:57,home pen,13.52,post,negative,anticipation_noreward,physical,yes,111,83.7,330,132.975,9.529,37.1,standing,NA,NA,NA,NA,NA,NA,NA,NA,NA
AU,AU_5,556,8,02.12.2021,08:46,home pen,13.52,pre,positive,anticipation_reward,physical,yes,112,79.7,309.6,80.387,4.21,37.15,standing,NA,NA,NA,NA,NA,NA,NA,NA,NA
AU,AU_5,556,8,02.12.2021,09:16,home pen,13.52,post,positive,anticipation_reward,physical,yes,112,79.7,309.6,86.467,3.176,38.15,lying,NA,NA,NA,NA,NA,NA,NA,NA,NA
AU,AU_5,556,7,03.12.2021,08:35,home pen,13.52,pre,negative,anticipation_noreward,physical,yes,113,79.7,309.6,54.625,5.122,36.75,standing,NA,NA,NA,NA,NA,NA,NA,NA,NA
AU,AU_5,556,7,03.12.2021,09:06,home pen,13.52,post,negative,anticipation_noreward,physical,yes,113,79.7,309.6,58.975,3.41,38.3,lying,NA,NA,NA,NA,NA,NA,NA,NA,NA
AU,AU_5,565,11,02.12.2021,08:46,home pen,13.52,pre,positive,anticipation_reward,physical,yes,112,79.6,309.6,72.673,2.868,38.45,standing,NA,NA,NA,NA,NA,NA,NA,NA,NA
AU,AU_5,565,11,02.12.2021,09:16,home pen,13.52,post,positive,anticipation_reward,physical,yes,112,79.6,309.6,108.853,3.472,37.3,standing,NA,NA,NA,NA,NA,NA,NA,NA,NA
AU,AU_5,565,10,03.12.2021,08:35,home pen,13.52,pre,negative,anticipation_noreward,physical,yes,113,79.6,309.6,75.679,5.926,36.8,lying,NA,NA,NA,NA,NA,NA,NA,NA,NA
AU,AU_5,565,10,03.12.2021,09:06,home pen,13.52,post,negative,anticipation_noreward,physical,yes,113,79.6,309.6,54.419,2.666,36.6,lying,NA,NA,NA,NA,NA,NA,NA,NA,NA
AU,AU_5,596,13,02.12.2021,08:46,home pen,13.52,pre,positive,anticipation_reward,physical,yes,112,79.6,309.6,59.145,3.034,36.4,standing,NA,NA,NA,NA,NA,NA,NA,NA,NA
AU,AU_5,596,13,02.12.2021,09:16,home pen,13.52,post,positive,anticipation_reward,physical,yes,112,79.6,309.6,50.056,1.592,37.4,standing,NA,NA,NA,NA,NA,NA,NA,NA,NA
AU,AU_5,596,12,03.12.2021,08:35,home pen,13.52,pre,negative,anticipation_noreward,physical,yes,113,79.6,309.6,67.4,3.092,36.75,standing,NA,NA,NA,NA,NA,NA,NA,NA,NA
AU,AU_5,596,12,03.12.2021,09:06,home pen,13.52,post,negative,anticipation_noreward,physical,yes,113,79.6,309.6,141.8,4.604,36.95,standing,NA,NA,NA,NA,NA,NA,NA,NA,NA
AU,AU_6,597,15,02.12.2021,09:29,home pen,13.52,pre,positive,anticipation_reward,physical,yes,112,79.9,295,153.962,11.896,36.95,standing,NA,NA,NA,NA,NA,NA,NA,NA,NA
AU,AU_6,597,15,02.12.2021,09:59,home pen,13.52,post,positive,anticipation_reward,physical,yes,112,79.9,295,148.032,5.862,37.25,lying,NA,NA,NA,NA,NA,NA,NA,NA,NA
AU,AU_6,597,14,03.12.2021,09:17,home pen,13.52,pre,negative,anticipation_noreward,physical,yes,113,79.9,295,92.975,5.77,36.7,standing,NA,NA,NA,NA,NA,NA,NA,NA,NA
AU,AU_6,597,14,03.12.2021,09:48,home pen,13.52,post,negative,anticipation_noreward,physical,yes,113,79.9,295,77.732,7.594,38.25,standing,NA,NA,NA,NA,NA,NA,NA,NA,NA
AU,AU_6,608,17,02.12.2021,09:29,home pen,13.52,pre,positive,anticipation_reward,physical,yes,112,70.7,295,188.146,17.03,36.45,standing,NA,NA,NA,NA,NA,NA,NA,NA,NA
AU,AU_6,608,17,02.12.2021,09:59,home pen,13.52,post,positive,anticipation_reward,physical,yes,112,70.7,295,123.409,3.26,40.1,standing,NA,NA,NA,NA,NA,NA,NA,NA,NA
AU,AU_6,608,16,03.12.2021,09:17,home pen,13.52,pre,negative,anticipation_noreward,physical,yes,113,70.7,295,151.358,31.038,38.3,standing,NA,NA,NA,NA,NA,NA,NA,NA,NA
AU,AU_6,608,16,03.12.2021,09:48,home pen,13.52,post,negative,anticipation_noreward,physical,yes,113,70.7,295,123.392,7.092,36.55,standing,NA,NA,NA,NA,NA,NA,NA,NA,NA
AU,AU_6,679,36,02.12.2021,09:29,home pen,13.52,pre,positive,anticipation_reward,physical,yes,112,72.4,295,NA,13.441,36.9,standing,NA,NA,NA,NA,NA,NA,NA,NA,NA
AU,AU_6,679,36,02.12.2021,09:59,home pen,13.52,post,positive,anticipation_reward,physical,yes,112,72.4,295,NA,NA,40.1,standing,NA,NA,NA,NA,NA,NA,NA,NA,NA
AU,AU_6,679,35,03.12.2021,09:17,home pen,13.52,pre,negative,anticipation_noreward,physical,yes,113,72.4,295,NA,NA,37.15,standing,NA,NA,NA,NA,NA,NA,NA,NA,NA
AU,AU_6,679,35,03.12.2021,09:48,home pen,13.52,post,negative,anticipation_noreward,physical,yes,113,72.4,295,NA,NA,38.8,standing,NA,NA,NA,NA,NA,NA,NA,NA,NA
AU,AU_7,729,46,02.12.2021,10:09,home pen,13.52,pre,positive,anticipation_reward,physical,yes,112,68.9,310,113.791,5.521,39.75,lying,NA,NA,NA,NA,NA,NA,NA,NA,NA
AU,AU_7,729,46,02.12.2021,10:39,home pen,13.52,post,positive,anticipation_reward,physical,yes,112,68.9,310,107.705,4.489,37.2,standing,NA,NA,NA,NA,NA,NA,NA,NA,NA
AU,AU_7,729,45,03.12.2021,09:55,home pen,13.52,pre,negative,anticipation_noreward,physical,yes,113,68.9,310,111.447,9.374,36.65,standing,NA,NA,NA,NA,NA,NA,NA,NA,NA
AU,AU_7,729,45,03.12.2021,10:25,home pen,13.52,post,negative,anticipation_noreward,physical,yes,113,68.9,310,59.673,4.785,36.55,standing,NA,NA,NA,NA,NA,NA,NA,NA,NA
AU,AU_7,883,52,02.12.2021,10:09,home pen,13.52,pre,positive,anticipation_reward,physical,yes,112,79.8,310,103.999,13.323,36.2,standing,NA,NA,NA,NA,NA,NA,NA,NA,NA
AU,AU_7,883,52,02.12.2021,10:39,home pen,13.52,post,positive,anticipation_reward,physical,yes,112,79.8,310,177.959,33.686,37.2,standing,NA,NA,NA,NA,NA,NA,NA,NA,NA
AU,AU_7,883,51,03.12.2021,09:55,home pen,13.52,pre,negative,anticipation_noreward,physical,yes,113,79.8,310,173.178,7.912,36.5,standing,NA,NA,NA,NA,NA,NA,NA,NA,NA
AU,AU_7,883,51,03.12.2021,10:25,home pen,13.52,post,negative,anticipation_noreward,physical,yes,113,79.8,310,107.595,5.792,36.8,standing,NA,NA,NA,NA,NA,NA,NA,NA,NA
AU,AU_8,683,38,02.12.2021,10:46,home pen,13.52,pre,positive,anticipation_reward,physical,yes,112,71.6,327.7,101.332,5.53,37.05,standing,NA,NA,NA,NA,NA,NA,NA,NA,NA
AU,AU_8,683,38,02.12.2021,11:16,home pen,13.52,post,positive,anticipation_reward,physical,yes,112,71.6,327.7,127.778,4.387,36.85,standing,NA,NA,NA,NA,NA,NA,NA,NA,NA
AU,AU_8,683,37,03.12.2021,10:31,home pen,13.52,pre,negative,anticipation_noreward,physical,yes,113,71.6,327.7,76.852,2.604,37.45,standing,NA,NA,NA,NA,NA,NA,NA,NA,NA
AU,AU_8,683,37,03.12.2021,11:01,home pen,13.52,post,negative,anticipation_noreward,physical,yes,113,71.6,327.7,59.979,2.708,37.2,standing,NA,NA,NA,NA,NA,NA,NA,NA,NA
AU,AU_8,685,40,02.12.2021,10:46,home pen,13.52,pre,positive,anticipation_reward,physical,yes,112,81.9,327.7,121.104,2.576,36.5,standing,NA,NA,NA,NA,NA,NA,NA,NA,NA
AU,AU_8,685,40,02.12.2021,11:16,home pen,13.52,post,positive,anticipation_reward,physical,yes,112,81.9,327.7,85.823,2.854,38.25,lying,NA,NA,NA,NA,NA,NA,NA,NA,NA
AU,AU_8,685,39,03.12.2021,10:31,home pen,13.52,pre,negative,anticipation_noreward,physical,yes,113,81.9,327.7,52.998,2.109,36.3,standing,NA,NA,NA,NA,NA,NA,NA,NA,NA
AU,AU_8,685,39,03.12.2021,11:01,home pen,13.52,post,negative,anticipation_noreward,physical,yes,113,81.9,327.7,49.066,1.903,37.85,lying,NA,NA,NA,NA,NA,NA,NA,NA,NA
INRAE,2209_1,213096,10d,12.07.2022,09:45,home pen,6.96,pre,positive,NA,NA,no,20,5.431,357.558,251.549,12.949,NA,NA,NA,NA,NA,NA,NA,NA,NA,NA,NA
INRAE,2209_1,213096,10d,12.07.2022,10:29,home pen,6.96,post,positive,NA,NA,no,20,5.431,357.558,365.77,14.668,NA,NA,NA,NA,NA,NA,NA,NA,NA,NA,NA
INRAE,2209_1,213097,12d,12.07.2022,09:45,home pen,6.96,pre,positive,NA,NA,no,20,3.758,357.558,206.678,13.622,NA,NA,NA,NA,NA,NA,NA,NA,NA,NA,NA
INRAE,2209_1,213097,12d,12.07.2022,10:29,home pen,6.96,post,positive,NA,NA,no,20,3.758,357.558,138.394,8.895,NA,NA,NA,NA,NA,NA,NA,NA,NA,NA,NA
INRAE,2209_1,213098,14d,12.07.2022,09:45,home pen,6.96,pre,positive,NA,NA,no,20,6.16,357.558,154.671,13.593,NA,NA,NA,NA,NA,NA,NA,NA,NA,NA,NA
INRAE,2209_1,213098,14d,12.07.2022,10:29,home pen,6.96,post,positive,NA,NA,no,20,6.16,357.558,229.666,9.726,NA,NA,NA,NA,NA,NA,NA,NA,NA,NA,NA
INRAE,2209_1,213099,16d,12.07.2022,09:45,home pen,6.96,pre,positive,NA,NA,no,20,5.763,357.558,195.807,7.987,NA,NA,NA,NA,NA,NA,NA,NA,NA,NA,NA
INRAE,2209_1,213099,16d,12.07.2022,10:29,home pen,6.96,post,positive,NA,NA,no,20,5.763,357.558,258.451,11.177,NA,NA,NA,NA,NA,NA,NA,NA,NA,NA,NA
INRAE,2209_2,213213,26d,12.07.2022,09:45,home pen,6.96,pre,positive,NA,NA,no,20,4.001,368.47,NA,3.867,NA,NA,NA,NA,NA,NA,NA,NA,NA,NA,NA
INRAE,2209_2,213213,26d,12.07.2022,10:29,home pen,6.96,post,positive,NA,NA,no,20,4.001,368.47,182.473,5.326,NA,NA,NA,NA,NA,NA,NA,NA,NA,NA,NA
INRAE,2209_2,213215,28d,12.07.2022,09:45,home pen,6.96,pre,positive,NA,NA,no,20,4.253,368.47,336.638,4.028,NA,NA,NA,NA,NA,NA,NA,NA,NA,NA,NA
INRAE,2209_2,213215,28d,12.07.2022,10:29,home pen,6.96,post,positive,NA,NA,no,20,4.253,368.47,248.111,7.903,NA,NA,NA,NA,NA,NA,NA,NA,NA,NA,NA
INRAE,2209_2,213216,30d,12.07.2022,09:45,home pen,6.96,pre,positive,NA,NA,no,20,5.041,368.47,253.964,5.955,NA,NA,NA,NA,NA,NA,NA,NA,NA,NA,NA
INRAE,2209_2,213216,30d,12.07.2022,10:29,home pen,6.96,post,positive,NA,NA,no,20,5.041,368.47,213.615,3.241,NA,NA,NA,NA,NA,NA,NA,NA,NA,NA,NA
INRAE,2209_2,213217,32d,12.07.2022,09:45,home pen,6.96,pre,positive,NA,NA,no,20,5.173,368.47,NA,7.949,NA,NA,NA,NA,NA,NA,NA,NA,NA,NA,NA
INRAE,2209_2,213217,32d,12.07.2022,10:29,home pen,6.96,post,positive,NA,NA,no,20,5.173,368.47,310.342,6.308,NA,NA,NA,NA,NA,NA,NA,NA,NA,NA,NA
INRAE,2209_3,213241,34d,12.07.2022,09:45,home pen,6.96,pre,positive,NA,NA,no,20,4.423,352.61075,136.811,10.447,NA,NA,NA,NA,NA,NA,NA,NA,NA,NA,NA
INRAE,2209_3,213241,34d,12.07.2022,10:29,home pen,6.96,post,positive,NA,NA,no,20,4.423,352.61075,NA,8.646,NA,NA,NA,NA,NA,NA,NA,NA,NA,NA,NA
INRAE,2209_3,213244,36d,12.07.2022,09:45,home pen,6.96,pre,positive,NA,NA,no,20,7.006,352.61075,206.615,38.123,NA,NA,NA,NA,NA,NA,NA,NA,NA,NA,NA
INRAE,2209_3,213244,36d,12.07.2022,10:29,home pen,6.96,post,positive,NA,NA,no,20,7.006,352.61075,NA,11.98,NA,NA,NA,NA,NA,NA,NA,NA,NA,NA,NA
INRAE,2209_3,213246,38d,12.07.2022,09:45,home pen,6.96,pre,positive,NA,NA,no,20,7.327,352.61075,212.361,22.347,NA,NA,NA,NA,NA,NA,NA,NA,NA,NA,NA
INRAE,2209_3,213246,38d,12.07.2022,10:29,home pen,6.96,post,positive,NA,NA,no,20,7.327,352.61075,NA,27.719,NA,NA,NA,NA,NA,NA,NA,NA,NA,NA,NA
INRAE,2209_3,213249,40d,12.07.2022,09:45,home pen,6.96,pre,positive,NA,NA,no,20,7.757,352.61075,178.661,31.505,NA,NA,NA,NA,NA,NA,NA,NA,NA,NA,NA
INRAE,2209_3,213249,40d,12.07.2022,10:29,home pen,6.96,post,positive,NA,NA,no,20,7.757,352.61075,NA,14.112,NA,NA,NA,NA,NA,NA,NA,NA,NA,NA,NA
INRAE,2209_41,213096,9d,22.07.2022,09:55,test pen,8.88,pre,negative,NA,NA,no,30,7.35,96.8,160.651,6.315,NA,NA,NA,NA,NA,NA,NA,NA,NA,NA,NA
INRAE,2209_41,213096,9d,22.07.2022,10:26,test pen,8.88,post,negative,NA,NA,no,30,7.35,96.8,185.414,14.868,NA,NA,NA,NA,NA,NA,NA,NA,NA,NA,NA
INRAE,2209_41,213097,11d,22.07.2022,09:55,test pen,8.88,pre,negative,NA,NA,no,30,8.07,96.8,364.462,12.881,NA,NA,NA,NA,NA,NA,NA,NA,NA,NA,NA
INRAE,2209_41,213097,11d,22.07.2022,10:26,test pen,8.88,post,negative,NA,NA,no,30,8.07,96.8,452.919,14.86,NA,NA,NA,NA,NA,NA,NA,NA,NA,NA,NA
INRAE,2209_41,213098,13d,22.07.2022,09:55,test pen,8.88,pre,negative,NA,NA,no,30,8.93,96.8,75.466,5.535,NA,NA,NA,NA,NA,NA,NA,NA,NA,NA,NA
INRAE,2209_41,213098,13d,22.07.2022,10:26,test pen,8.88,post,negative,NA,NA,no,30,8.93,96.8,191.174,6.859,NA,NA,NA,NA,NA,NA,NA,NA,NA,NA,NA
INRAE,2209_41,213099,15d,22.07.2022,09:55,test pen,8.88,pre,negative,NA,NA,no,30,7.88,96.8,184.509,7.281,NA,NA,NA,NA,NA,NA,NA,NA,NA,NA,NA
INRAE,2209_41,213099,15d,22.07.2022,10:26,test pen,8.88,post,negative,NA,NA,no,30,7.88,96.8,160.453,6.459,NA,NA,NA,NA,NA,NA,NA,NA,NA,NA,NA
INRAE,2209_41,213213,25d,22.07.2022,09:55,test pen,8.88,pre,negative,NA,NA,no,30,6.39,96.8,187.023,7.294,NA,NA,NA,NA,NA,NA,NA,NA,NA,NA,NA
INRAE,2209_41,213213,25d,22.07.2022,10:26,test pen,8.88,post,negative,NA,NA,no,30,6.39,96.8,155.139,9.502,NA,NA,NA,NA,NA,NA,NA,NA,NA,NA,NA
INRAE,2209_41,213215,27d,22.07.2022,09:55,test pen,8.88,pre,negative,NA,NA,no,30,6.65,96.8,126.106,5.885,NA,NA,NA,NA,NA,NA,NA,NA,NA,NA,NA
INRAE,2209_41,213215,27d,22.07.2022,10:26,test pen,8.88,post,negative,NA,NA,no,30,6.65,96.8,222.781,4.323,NA,NA,NA,NA,NA,NA,NA,NA,NA,NA,NA
INRAE,2209_41,213216,29d,22.07.2022,09:55,test pen,8.88,pre,negative,NA,NA,no,30,6.83,96.8,95.31,3.682,NA,NA,NA,NA,NA,NA,NA,NA,NA,NA,NA
INRAE,2209_41,213216,29d,22.07.2022,10:26,test pen,8.88,post,negative,NA,NA,no,30,6.83,96.8,NA,10.112,NA,NA,NA,NA,NA,NA,NA,NA,NA,NA,NA
INRAE,2209_41,213217,31d,22.07.2022,09:55,test pen,8.88,pre,negative,NA,NA,no,30,7.37,96.8,225.983,11.469,NA,NA,NA,NA,NA,NA,NA,NA,NA,NA,NA
INRAE,2209_41,213217,31d,22.07.2022,10:26,test pen,8.88,post,negative,NA,NA,no,30,7.37,96.8,NA,14.86,NA,NA,NA,NA,NA,NA,NA,NA,NA,NA,NA
INRAE,2209_41,213241,33d,22.07.2022,09:55,test pen,8.88,pre,negative,NA,NA,no,30,7.1,96.8,176.019,4.405,NA,NA,NA,NA,NA,NA,NA,NA,NA,NA,NA
INRAE,2209_41,213241,33d,22.07.2022,10:26,test pen,8.88,post,negative,NA,NA,no,30,7.1,96.8,236.855,7.925,NA,NA,NA,NA,NA,NA,NA,NA,NA,NA,NA
INRAE,2209_41,213244,35d,22.07.2022,09:55,test pen,8.88,pre,negative,NA,NA,no,30,9.49,96.8,152.789,11.564,NA,NA,NA,NA,NA,NA,NA,NA,NA,NA,NA
INRAE,2209_41,213244,35d,22.07.2022,10:26,test pen,8.88,post,negative,NA,NA,no,30,9.49,96.8,200.454,8.441,NA,NA,NA,NA,NA,NA,NA,NA,NA,NA,NA
INRAE,2209_41,213246,37d,22.07.2022,09:55,test pen,8.88,pre,negative,NA,NA,no,30,9.84,96.8,223.438,9.763,NA,NA,NA,NA,NA,NA,NA,NA,NA,NA,NA
INRAE,2209_41,213246,37d,22.07.2022,10:26,test pen,8.88,post,negative,NA,NA,no,30,9.84,96.8,298.514,13.609,NA,NA,NA,NA,NA,NA,NA,NA,NA,NA,NA
INRAE,2209_41,213249,39d,22.07.2022,09:55,test pen,8.88,pre,negative,NA,NA,no,30,10.9,96.8,126.256,7.818,NA,NA,NA,NA,NA,NA,NA,NA,NA,NA,NA
INRAE,2209_41,213249,39d,22.07.2022,10:26,test pen,8.88,post,negative,NA,NA,no,30,10.9,96.8,148.168,6.33,NA,NA,NA,NA,NA,NA,NA,NA,NA,NA,NA
INRAE,2209_42,212956,1d,22.07.2022,09:55,test pen,8.88,pre,negative,NA,NA,no,30,8.89,101.97,136.934,4.149,NA,NA,NA,NA,NA,NA,NA,NA,NA,NA,NA
INRAE,2209_42,212956,1d,22.07.2022,10:26,test pen,8.88,post,negative,NA,NA,no,30,8.89,101.97,233.254,6.136,NA,NA,NA,NA,NA,NA,NA,NA,NA,NA,NA
INRAE,2209_42,212957,3d,22.07.2022,09:55,test pen,8.88,pre,negative,NA,NA,no,30,6.97,101.97,166.085,5.44,NA,NA,NA,NA,NA,NA,NA,NA,NA,NA,NA
INRAE,2209_42,212957,3d,22.07.2022,10:26,test pen,8.88,post,negative,NA,NA,no,30,6.97,101.97,295.592,11.888,NA,NA,NA,NA,NA,NA,NA,NA,NA,NA,NA
INRAE,2209_42,212958,5d,22.07.2022,09:55,test pen,8.88,pre,negative,NA,NA,no,30,8.89,101.97,191.585,5.056,NA,NA,NA,NA,NA,NA,NA,NA,NA,NA,NA
INRAE,2209_42,212958,5d,22.07.2022,10:26,test pen,8.88,post,negative,NA,NA,no,30,8.89,101.97,135.844,11.009,NA,NA,NA,NA,NA,NA,NA,NA,NA,NA,NA
INRAE,2209_42,212960,7d,22.07.2022,09:55,test pen,8.88,pre,negative,NA,NA,no,30,9.24,101.97,229.98,5.449,NA,NA,NA,NA,NA,NA,NA,NA,NA,NA,NA
INRAE,2209_42,212960,7d,22.07.2022,10:26,test pen,8.88,post,negative,NA,NA,no,30,9.24,101.97,117.415,8.636,NA,NA,NA,NA,NA,NA,NA,NA,NA,NA,NA
INRAE,2209_6,212956,2d,12.07.2022,09:45,home pen,6.96,pre,positive,NA,NA,no,20,6.644,375.52125,117.568,6.779,NA,NA,NA,NA,NA,NA,NA,NA,NA,NA,NA
INRAE,2209_6,212956,2d,12.07.2022,10:29,home pen,6.96,post,positive,NA,NA,no,20,6.644,375.52125,NA,15.28,NA,NA,NA,NA,NA,NA,NA,NA,NA,NA,NA
INRAE,2209_6,212957,4d,12.07.2022,09:45,home pen,6.96,pre,positive,NA,NA,no,20,5.299,375.52125,213.831,4.514,NA,NA,NA,NA,NA,NA,NA,NA,NA,NA,NA
INRAE,2209_6,212957,4d,12.07.2022,10:29,home pen,6.96,post,positive,NA,NA,no,20,5.299,375.52125,183.921,10.331,NA,NA,NA,NA,NA,NA,NA,NA,NA,NA,NA
INRAE,2209_6,212958,6d,12.07.2022,09:45,home pen,6.96,pre,positive,NA,NA,no,20,6.496,375.52125,NA,11.309,NA,NA,NA,NA,NA,NA,NA,NA,NA,NA,NA
INRAE,2209_6,212958,6d,12.07.2022,10:29,home pen,6.96,post,positive,NA,NA,no,20,6.496,375.52125,216.127,19.538,NA,NA,NA,NA,NA,NA,NA,NA,NA,NA,NA
INRAE,2209_6,212960,8d,12.07.2022,09:45,home pen,6.96,pre,positive,NA,NA,no,20,6.825,375.52125,206.839,14.048,NA,NA,NA,NA,NA,NA,NA,NA,NA,NA,NA
INRAE,2209_6,212960,8d,12.07.2022,10:29,home pen,6.96,post,positive,NA,NA,no,20,6.825,375.52125,138.338,17.81,NA,NA,NA,NA,NA,NA,NA,NA,NA,NA,NA
INRAE,2210_3,213530,80d,02.08.2022,09:40,home pen,6.96,pre,positive,NA,NA,no,20,8.234,354.878,110.543,3.382,NA,NA,NA,NA,NA,NA,NA,NA,NA,NA,NA
INRAE,2210_3,213530,80d,02.08.2022,10:18,home pen,6.96,post,positive,NA,NA,no,20,8.234,354.878,94.063,5.899,NA,NA,NA,NA,NA,NA,NA,NA,NA,NA,NA
INRAE,2210_3,213531,82d,02.08.2022,09:40,home pen,6.96,pre,positive,NA,NA,no,20,5.337,354.878,120.936,11.358,NA,NA,NA,NA,NA,NA,NA,NA,NA,NA,NA
INRAE,2210_3,213531,82d,02.08.2022,10:18,home pen,6.96,post,positive,NA,NA,no,20,5.337,354.878,197.924,6.336,NA,NA,NA,NA,NA,NA,NA,NA,NA,NA,NA
INRAE,2210_3,213532,84d,02.08.2022,09:40,home pen,6.96,pre,positive,NA,NA,no,20,7.206,354.878,142.661,7.593,NA,NA,NA,NA,NA,NA,NA,NA,NA,NA,NA
INRAE,2210_3,213532,84d,02.08.2022,10:18,home pen,6.96,post,positive,NA,NA,no,20,7.206,354.878,101.263,3.452,NA,NA,NA,NA,NA,NA,NA,NA,NA,NA,NA
INRAE,2210_3,213535,86d,02.08.2022,09:40,home pen,6.96,pre,positive,NA,NA,no,20,4.649,354.878,NA,8.908,NA,NA,NA,NA,NA,NA,NA,NA,NA,NA,NA
INRAE,2210_3,213535,86d,02.08.2022,10:18,home pen,6.96,post,positive,NA,NA,no,20,4.649,354.878,NA,7.539,NA,NA,NA,NA,NA,NA,NA,NA,NA,NA,NA
INRAE,2210_4,213520,74d,02.08.2022,09:40,home pen,6.96,pre,positive,NA,NA,no,20,4.062,351.04,200.448,9.372,NA,NA,NA,NA,NA,NA,NA,NA,NA,NA,NA
INRAE,2210_4,213520,74d,02.08.2022,10:18,home pen,6.96,post,positive,NA,NA,no,20,4.062,351.04,181.695,4.932,NA,NA,NA,NA,NA,NA,NA,NA,NA,NA,NA
INRAE,2210_4,213522,76d,02.08.2022,09:40,home pen,6.96,pre,positive,NA,NA,no,20,8.113,351.04,170.779,7.603,NA,NA,NA,NA,NA,NA,NA,NA,NA,NA,NA
INRAE,2210_4,213522,76d,02.08.2022,10:18,home pen,6.96,post,positive,NA,NA,no,20,8.113,351.04,NA,9.245,NA,NA,NA,NA,NA,NA,NA,NA,NA,NA,NA
INRAE,2210_4,213523,78d,02.08.2022,09:40,home pen,6.96,pre,positive,NA,NA,no,20,3.005,351.04,235.165,8.901,NA,NA,NA,NA,NA,NA,NA,NA,NA,NA,NA
INRAE,2210_4,213523,78d,02.08.2022,10:18,home pen,6.96,post,positive,NA,NA,no,20,3.005,351.04,225.421,7.586,NA,NA,NA,NA,NA,NA,NA,NA,NA,NA,NA
INRAE,2210_41,213520,73d,12.08.2022,10:10,test pen,8.88,pre,negative,NA,NA,no,30,6.01,89.13928571,172.739,5.042,NA,NA,NA,NA,NA,NA,NA,NA,NA,NA,NA
INRAE,2210_41,213520,73d,12.08.2022,10:40,test pen,8.88,post,negative,NA,NA,no,30,6.01,89.13928571,NA,10.203,NA,NA,NA,NA,NA,NA,NA,NA,NA,NA,NA
INRAE,2210_41,213522,75d,12.08.2022,10:10,test pen,8.88,pre,negative,NA,NA,no,30,11.129,89.13928571,143.342,7.04,NA,NA,NA,NA,NA,NA,NA,NA,NA,NA,NA
INRAE,2210_41,213522,75d,12.08.2022,10:40,test pen,8.88,post,negative,NA,NA,no,30,11.129,89.13928571,326.989,6.306,NA,NA,NA,NA,NA,NA,NA,NA,NA,NA,NA
INRAE,2210_41,213523,77d,12.08.2022,10:10,test pen,8.88,pre,negative,NA,NA,no,30,4.792,89.13928571,254.832,5.983,NA,NA,NA,NA,NA,NA,NA,NA,NA,NA,NA
INRAE,2210_41,213523,77d,12.08.2022,10:40,test pen,8.88,post,negative,NA,NA,no,30,4.792,89.13928571,218.977,8.092,NA,NA,NA,NA,NA,NA,NA,NA,NA,NA,NA
INRAE,2210_41,213530,79d,12.08.2022,10:10,test pen,8.88,pre,negative,NA,NA,no,30,11.022,89.13928571,NA,7.428,NA,NA,NA,NA,NA,NA,NA,NA,NA,NA,NA
INRAE,2210_41,213530,79d,12.08.2022,10:40,test pen,8.88,post,negative,NA,NA,no,30,11.022,89.13928571,NA,13.049,NA,NA,NA,NA,NA,NA,NA,NA,NA,NA,NA
INRAE,2210_41,213531,81d,12.08.2022,10:10,test pen,8.88,pre,negative,NA,NA,no,30,7.501,89.13928571,192.392,6.663,NA,NA,NA,NA,NA,NA,NA,NA,NA,NA,NA
INRAE,2210_41,213531,81d,12.08.2022,10:40,test pen,8.88,post,negative,NA,NA,no,30,7.501,89.13928571,244.09,8.785,NA,NA,NA,NA,NA,NA,NA,NA,NA,NA,NA
INRAE,2210_41,213532,83d,12.08.2022,10:10,test pen,8.88,pre,negative,NA,NA,no,30,9.769,89.13928571,126.423,2.366,NA,NA,NA,NA,NA,NA,NA,NA,NA,NA,NA
INRAE,2210_41,213532,83d,12.08.2022,10:40,test pen,8.88,post,negative,NA,NA,no,30,9.769,89.13928571,121.766,3.452,NA,NA,NA,NA,NA,NA,NA,NA,NA,NA,NA
INRAE,2210_41,213535,85d,12.08.2022,10:10,test pen,8.88,pre,negative,NA,NA,no,30,6.502,89.13928571,NA,4.787,NA,NA,NA,NA,NA,NA,NA,NA,NA,NA,NA
INRAE,2210_41,213535,85d,12.08.2022,10:40,test pen,8.88,post,negative,NA,NA,no,30,6.502,89.13928571,NA,14.51,NA,NA,NA,NA,NA,NA,NA,NA,NA,NA,NA
INRAE,2210_42,213319,49d,12.08.2022,10:10,test pen,8.88,pre,negative,NA,NA,no,30,9.459,105.862,101.914,4.696,NA,NA,NA,NA,NA,NA,NA,NA,NA,NA,NA
INRAE,2210_42,213319,49d,12.08.2022,10:40,test pen,8.88,post,negative,NA,NA,no,30,9.459,105.862,161.833,9.863,NA,NA,NA,NA,NA,NA,NA,NA,NA,NA,NA
INRAE,2210_42,213321,51d,12.08.2022,10:10,test pen,8.88,pre,negative,NA,NA,no,30,9.426,105.862,214.094,8.061,NA,NA,NA,NA,NA,NA,NA,NA,NA,NA,NA
INRAE,2210_42,213321,51d,12.08.2022,10:40,test pen,8.88,post,negative,NA,NA,no,30,9.426,105.862,203.016,8.791,NA,NA,NA,NA,NA,NA,NA,NA,NA,NA,NA
INRAE,2210_42,213325,53d,12.08.2022,10:10,test pen,8.88,pre,negative,NA,NA,no,30,9.418,105.862,244.558,9.444,NA,NA,NA,NA,NA,NA,NA,NA,NA,NA,NA
INRAE,2210_42,213325,53d,12.08.2022,10:40,test pen,8.88,post,negative,NA,NA,no,30,9.418,105.862,92.118,13.403,NA,NA,NA,NA,NA,NA,NA,NA,NA,NA,NA
INRAE,2210_42,213326,55d,12.08.2022,10:10,test pen,8.88,pre,negative,NA,NA,no,30,10.806,105.862,240.44,8.367,NA,NA,NA,NA,NA,NA,NA,NA,NA,NA,NA
INRAE,2210_42,213326,55d,12.08.2022,10:40,test pen,8.88,post,negative,NA,NA,no,30,10.806,105.862,272.678,6.129,NA,NA,NA,NA,NA,NA,NA,NA,NA,NA,NA
INRAE,2210_42,213420,65d,12.08.2022,10:10,test pen,8.88,pre,negative,NA,NA,no,30,8.867,105.862,173.07,6.432,NA,NA,NA,NA,NA,NA,NA,NA,NA,NA,NA
INRAE,2210_42,213420,65d,12.08.2022,10:40,test pen,8.88,post,negative,NA,NA,no,30,8.867,105.862,172.081,11.61,NA,NA,NA,NA,NA,NA,NA,NA,NA,NA,NA
INRAE,2210_42,213422,67d,12.08.2022,10:10,test pen,8.88,pre,negative,NA,NA,no,30,8.825,105.862,211.41,9.875,NA,NA,NA,NA,NA,NA,NA,NA,NA,NA,NA
INRAE,2210_42,213422,67d,12.08.2022,10:40,test pen,8.88,post,negative,NA,NA,no,30,8.825,105.862,228.81,16.295,NA,NA,NA,NA,NA,NA,NA,NA,NA,NA,NA
INRAE,2210_42,213423,69d,12.08.2022,10:10,test pen,8.88,pre,negative,NA,NA,no,30,11.16,105.862,225.466,12.492,NA,NA,NA,NA,NA,NA,NA,NA,NA,NA,NA
INRAE,2210_42,213423,69d,12.08.2022,10:40,test pen,8.88,post,negative,NA,NA,no,30,11.16,105.862,268.189,15.48,NA,NA,NA,NA,NA,NA,NA,NA,NA,NA,NA
INRAE,2210_42,213425,71d,12.08.2022,10:10,test pen,8.88,pre,negative,NA,NA,no,30,11.426,105.862,226.881,5.254,NA,NA,NA,NA,NA,NA,NA,NA,NA,NA,NA
INRAE,2210_42,213425,71d,12.08.2022,10:40,test pen,8.88,post,negative,NA,NA,no,30,11.426,105.862,142.087,8.724,NA,NA,NA,NA,NA,NA,NA,NA,NA,NA,NA
INRAE,2210_42,213561,87d,12.08.2022,10:10,test pen,8.88,pre,negative,NA,NA,no,30,7.049,105.862,NA,7.055,NA,NA,NA,NA,NA,NA,NA,NA,NA,NA,NA
INRAE,2210_42,213561,87d,12.08.2022,10:40,test pen,8.88,post,negative,NA,NA,no,30,7.049,105.862,NA,NA,NA,NA,NA,NA,NA,NA,NA,NA,NA,NA,NA
INRAE,2210_42,213562,89d,12.08.2022,10:10,test pen,8.88,pre,negative,NA,NA,no,30,7.655,105.862,NA,7.632,NA,NA,NA,NA,NA,NA,NA,NA,NA,NA,NA
INRAE,2210_42,213562,89d,12.08.2022,10:40,test pen,8.88,post,negative,NA,NA,no,30,7.655,105.862,NA,12.289,NA,NA,NA,NA,NA,NA,NA,NA,NA,NA,NA
INRAE,2210_42,213565,91d,12.08.2022,10:10,test pen,8.88,pre,negative,NA,NA,no,30,6.115,105.862,NA,3.272,NA,NA,NA,NA,NA,NA,NA,NA,NA,NA,NA
INRAE,2210_42,213565,91d,12.08.2022,10:40,test pen,8.88,post,negative,NA,NA,no,30,6.115,105.862,NA,4.453,NA,NA,NA,NA,NA,NA,NA,NA,NA,NA,NA
INRAE,2210_42,213567,93d,12.08.2022,10:10,test pen,8.88,pre,negative,NA,NA,no,30,5.656,105.862,145.508,7.182,NA,NA,NA,NA,NA,NA,NA,NA,NA,NA,NA
INRAE,2210_42,213567,93d,12.08.2022,10:40,test pen,8.88,post,negative,NA,NA,no,30,5.656,105.862,345.385,NA,NA,NA,NA,NA,NA,NA,NA,NA,NA,NA,NA
INRAE,2210_5,213420,66d,02.08.2022,09:40,home pen,6.96,pre,positive,NA,NA,no,20,6.46,366.45,123.343,5.649,NA,NA,NA,NA,NA,NA,NA,NA,NA,NA,NA
INRAE,2210_5,213420,66d,02.08.2022,10:18,home pen,6.96,post,positive,NA,NA,no,20,6.46,366.45,NA,5.795,NA,NA,NA,NA,NA,NA,NA,NA,NA,NA,NA
INRAE,2210_5,213422,68d,02.08.2022,09:40,home pen,6.96,pre,positive,NA,NA,no,20,6.209,366.45,233.363,8.47,NA,NA,NA,NA,NA,NA,NA,NA,NA,NA,NA
INRAE,2210_5,213422,68d,02.08.2022,10:18,home pen,6.96,post,positive,NA,NA,no,20,6.209,366.45,259.241,7.286,NA,NA,NA,NA,NA,NA,NA,NA,NA,NA,NA
INRAE,2210_5,213423,70d,02.08.2022,09:40,home pen,6.96,pre,positive,NA,NA,no,20,8.168,366.45,202.074,5.926,NA,NA,NA,NA,NA,NA,NA,NA,NA,NA,NA
INRAE,2210_5,213423,70d,02.08.2022,10:18,home pen,6.96,post,positive,NA,NA,no,20,8.168,366.45,NA,7.069,NA,NA,NA,NA,NA,NA,NA,NA,NA,NA,NA
INRAE,2210_5,213425,72d,02.08.2022,09:40,home pen,6.96,pre,positive,NA,NA,no,20,8.913,366.45,163.621,4.247,NA,NA,NA,NA,NA,NA,NA,NA,NA,NA,NA
INRAE,2210_5,213425,72d,02.08.2022,10:18,home pen,6.96,post,positive,NA,NA,no,20,8.913,366.45,222.1,6.63,NA,NA,NA,NA,NA,NA,NA,NA,NA,NA,NA
INRAE,2210_6,213319,50d,02.08.2022,09:40,home pen,6.96,pre,positive,NA,NA,no,20,6.253,353.524,NA,12.102,NA,NA,NA,NA,NA,NA,NA,NA,NA,NA,NA
INRAE,2210_6,213319,50d,02.08.2022,10:18,home pen,6.96,post,positive,NA,NA,no,20,6.253,353.524,249.959,3.415,NA,NA,NA,NA,NA,NA,NA,NA,NA,NA,NA
INRAE,2210_6,213321,52d,02.08.2022,09:40,home pen,6.96,pre,positive,NA,NA,no,20,6.683,353.524,NA,NA,NA,NA,NA,NA,NA,NA,NA,NA,NA,NA,NA
INRAE,2210_6,213321,52d,02.08.2022,10:18,home pen,6.96,post,positive,NA,NA,no,20,6.683,353.524,281.765,6.883,NA,NA,NA,NA,NA,NA,NA,NA,NA,NA,NA
INRAE,2210_6,213325,54d,02.08.2022,09:40,home pen,6.96,pre,positive,NA,NA,no,20,6.512,353.524,200.6,6.883,NA,NA,NA,NA,NA,NA,NA,NA,NA,NA,NA
INRAE,2210_6,213325,54d,02.08.2022,10:18,home pen,6.96,post,positive,NA,NA,no,20,6.512,353.524,159.312,2.044,NA,NA,NA,NA,NA,NA,NA,NA,NA,NA,NA
INRAE,2210_6,213326,56d,02.08.2022,09:40,home pen,6.96,pre,positive,NA,NA,no,20,7.66,353.524,NA,8.234,NA,NA,NA,NA,NA,NA,NA,NA,NA,NA,NA
INRAE,2210_6,213326,56d,02.08.2022,10:18,home pen,6.96,post,positive,NA,NA,no,20,7.66,353.524,302.739,1.942,NA,NA,NA,NA,NA,NA,NA,NA,NA,NA,NA
INRAE,2210_9,213561,88d,02.08.2022,09:40,home pen,6.96,pre,positive,NA,NA,no,20,4.846,329.10075,179.044,3.309,NA,NA,NA,NA,NA,NA,NA,NA,NA,NA,NA
INRAE,2210_9,213561,88d,02.08.2022,10:18,home pen,6.96,post,positive,NA,NA,no,20,4.846,329.10075,NA,NA,NA,NA,NA,NA,NA,NA,NA,NA,NA,NA,NA
INRAE,2210_9,213562,90d,02.08.2022,09:40,home pen,6.96,pre,positive,NA,NA,no,20,5.661,329.10075,287.369,3.612,NA,NA,NA,NA,NA,NA,NA,NA,NA,NA,NA
INRAE,2210_9,213562,90d,02.08.2022,10:18,home pen,6.96,post,positive,NA,NA,no,20,5.661,329.10075,NA,5.163,NA,NA,NA,NA,NA,NA,NA,NA,NA,NA,NA
INRAE,2210_9,213565,92d,02.08.2022,09:40,home pen,6.96,pre,positive,NA,NA,no,20,4.48,329.10075,NA,NA,NA,NA,NA,NA,NA,NA,NA,NA,NA,NA,NA
INRAE,2210_9,213565,92d,02.08.2022,10:18,home pen,6.96,post,positive,NA,NA,no,20,4.48,329.10075,NA,NA,NA,NA,NA,NA,NA,NA,NA,NA,NA,NA,NA
INRAE,2210_9,213567,94d,02.08.2022,09:40,home pen,6.96,pre,positive,NA,NA,no,20,3.844,329.10075,NA,3.045,NA,NA,NA,NA,NA,NA,NA,NA,NA,NA,NA
INRAE,2210_9,213567,94d,02.08.2022,10:18,home pen,6.96,post,positive,NA,NA,no,20,3.844,329.10075,NA,5.582,NA,NA,NA,NA,NA,NA,NA,NA,NA,NA,NA
IRTA,homepen_1,101blue,57b,10.12.2021,09:14,home pen,2,pre,negative,NA,NA,no,65,30.8,144,NA,10.249,NA,NA,33.5,30.4,31.7,35.3,29.1,31.9,33,23.3,28.5
IRTA,homepen_1,101blue,57b,10.12.2021,10:35,home pen,2,post,negative,NA,NA,no,65,30.8,144,99.011,4.178,NA,NA,37.1,31.8,33.9,36.1,25.3,30.5,29.4,21.5,25.9
IRTA,homepen_1,101blue,58b,16.12.2021,09:43,home pen,2,pre,positive,NA,NA,no,71,30.8,144,151.729,13.349,NA,NA,NA,NA,NA,NA,NA,NA,NA,NA,NA
IRTA,homepen_1,101blue,58b,16.12.2021,10:56,home pen,2,post,positive,NA,NA,no,71,30.8,144,141.005,3.931,NA,NA,NA,NA,NA,NA,NA,NA,NA,NA,NA
IRTA,homepen_1,1yellow,71b,10.12.2021,09:13,home pen,2,pre,negative,NA,NA,no,65,31.3,144,77.185,3.115,NA,NA,33.7,29.6,31.5,35.3,27.5,32.6,32.4,22.4,27.6
IRTA,homepen_1,1yellow,71b,10.12.2021,10:39,home pen,2,post,negative,NA,NA,no,65,31.3,144,49.234,2.428,NA,NA,36.4,34.1,35.2,38.2,30.8,35.3,34.5,25.6,29.3
IRTA,homepen_1,1yellow,72b,16.12.2021,09:41,home pen,2,pre,positive,NA,NA,no,71,31.3,144,94.336,5.562,NA,NA,NA,NA,NA,NA,NA,NA,NA,NA,NA
IRTA,homepen_1,1yellow,72b,16.12.2021,10:58,home pen,2,post,positive,NA,NA,no,71,31.3,144,349.529,6.891,NA,NA,NA,NA,NA,NA,NA,NA,NA,NA,NA
IRTA,homepen_10,10yellow,67b,10.12.2021,09:50,home pen,2,pre,negative,NA,NA,no,65,24.1,130.5,68.294,2.814,NA,NA,37.2,34.9,36.5,33.8,24.7,32.8,29.4,20.7,25.5
IRTA,homepen_10,10yellow,67b,10.12.2021,11:57,home pen,2,post,negative,NA,NA,no,65,24.1,130.5,83.739,2.718,NA,NA,36.8,28.2,32.3,37.8,25.9,34.8,24.8,20.4,22.4
IRTA,homepen_10,10yellow,68b,16.12.2021,10:13,home pen,2,pre,positive,NA,NA,no,71,24.1,130.5,97.116,3.636,NA,NA,NA,NA,NA,NA,NA,NA,NA,NA,NA
IRTA,homepen_10,10yellow,68b,16.12.2021,12:06,home pen,2,post,positive,NA,NA,no,71,24.1,130.5,119.761,4.412,NA,NA,NA,NA,NA,NA,NA,NA,NA,NA,NA
IRTA,homepen_10,110blue,69b,10.12.2021,09:50,home pen,2,pre,negative,NA,NA,no,65,30.35,130.5,51.935,2.106,NA,NA,38.1,36.5,37.6,36.1,21.9,30.9,33.1,21.8,27.4
IRTA,homepen_10,110blue,69b,10.12.2021,11:56,home pen,2,post,negative,NA,NA,no,65,30.35,130.5,52.554,1.746,NA,NA,36.8,24.3,33.5,35.1,25.2,30.3,31.6,22.2,27
IRTA,homepen_10,110blue,70b,16.12.2021,10:11,home pen,2,pre,positive,NA,NA,no,71,30.35,130.5,63.421,6.111,NA,NA,NA,NA,NA,NA,NA,NA,NA,NA,NA
IRTA,homepen_10,110blue,70b,16.12.2021,12:05,home pen,2,post,positive,NA,NA,no,71,30.35,130.5,82.435,3.342,NA,NA,NA,NA,NA,NA,NA,NA,NA,NA,NA
IRTA,homepen_10,310red,9c,10.12.2021,09:51,home pen,2,pre,negative,NA,NA,no,65,26.4,130.5,73.056,2.119,NA,NA,36.5,35.8,36.5,36.8,23.7,27.8,34.8,25.2,29.1
IRTA,homepen_10,310red,9c,10.12.2021,11:56,home pen,2,post,negative,NA,NA,no,65,26.4,130.5,73.643,4.261,NA,NA,36.2,33.8,34.9,36,24.8,29.8,34.2,21.8,29
IRTA,homepen_10,310red,10c,16.12.2021,10:13,home pen,2,pre,positive,NA,NA,no,71,26.4,130.5,45.67,2.755,NA,NA,NA,NA,NA,NA,NA,NA,NA,NA,NA
IRTA,homepen_10,310red,10c,16.12.2021,12:05,home pen,2,post,positive,NA,NA,no,71,26.4,130.5,65.287,5.351,NA,NA,NA,NA,NA,NA,NA,NA,NA,NA,NA
IRTA,homepen_2,2yellow,75b,10.12.2021,09:40,home pen,2,pre,negative,NA,NA,no,65,24.8,126.1,88.448,3.825,NA,NA,37.4,36.2,36.9,34.5,26.3,31.6,32.4,23.3,28
IRTA,homepen_2,2yellow,75b,10.12.2021,11:28,home pen,2,post,negative,NA,NA,no,65,24.8,126.1,49.873,2.936,NA,NA,36.9,28.7,34.4,39,28.4,34.8,31,22,26.4
IRTA,homepen_2,2yellow,76b,16.12.2021,10:05,home pen,2,pre,positive,NA,NA,no,71,24.8,126.1,67.464,3.679,NA,NA,NA,NA,NA,NA,NA,NA,NA,NA,NA
IRTA,homepen_2,2yellow,76b,16.12.2021,11:42,home pen,2,post,positive,NA,NA,no,71,24.8,126.1,96.383,4.269,NA,NA,NA,NA,NA,NA,NA,NA,NA,NA,NA
IRTA,homepen_2,302red,77b,10.12.2021,09:37,home pen,2,pre,negative,NA,NA,no,65,23.25,126.1,88.791,4.852,NA,NA,36.4,32.8,33.5,37.4,28.3,32.5,34.7,23.8,27.5
IRTA,homepen_2,302red,77b,10.12.2021,11:28,home pen,2,post,negative,NA,NA,no,65,23.25,126.1,46.686,3.461,NA,NA,37.7,30.2,32.6,39.5,35.5,37.4,34.7,22.3,27.6
IRTA,homepen_2,302red,78b,16.12.2021,10:02,home pen,2,pre,positive,NA,NA,no,71,23.25,126.1,72.851,3.1,NA,NA,NA,NA,NA,NA,NA,NA,NA,NA,NA
IRTA,homepen_2,302red,78b,16.12.2021,11:42,home pen,2,post,positive,NA,NA,no,71,23.25,126.1,82.13,4.04,NA,NA,NA,NA,NA,NA,NA,NA,NA,NA,NA
IRTA,homepen_2,402orange,11c,10.12.2021,09:39,home pen,2,pre,negative,NA,NA,no,65,31.4,126.1,20.723,8.119,NA,NA,NA,NA,NA,NA,NA,NA,NA,NA,NA
IRTA,homepen_2,402orange,11c,10.12.2021,11:31,home pen,2,post,negative,NA,NA,no,65,31.4,126.1,59.572,4.252,NA,NA,NA,NA,NA,NA,NA,NA,NA,NA,NA
IRTA,homepen_2,402orange,12c,16.12.2021,10:04,home pen,2,pre,positive,NA,NA,no,71,31.4,126.1,97.67,9.715,NA,NA,NA,NA,NA,NA,NA,NA,NA,NA,NA
IRTA,homepen_2,402orange,12c,16.12.2021,11:46,home pen,2,post,positive,NA,NA,no,71,31.4,126.1,43.438,14.767,NA,NA,NA,NA,NA,NA,NA,NA,NA,NA,NA
IRTA,homepen_3,103blue,60b,10.12.2021,09:08,home pen,2,pre,positive,positive_positive,social,yes,65,25,126.65,84.91,8.782,NA,NA,35.6,31.2,35.5,38.8,31.4,35.7,32.3,26.1,29.3
IRTA,homepen_3,103blue,60b,10.12.2021,10:19,home pen,2,post,positive,positive_positive,social,yes,65,25,126.65,49.826,6.778,NA,NA,35.5,33,34,35.5,26.6,30.8,28.6,24,25.7
IRTA,homepen_3,103blue,59b,16.12.2021,09:37,home pen,2,pre,negative,expectpositive_receivenegative,social,yes,71,25,126.65,94.878,8.048,NA,NA,NA,NA,NA,NA,NA,NA,NA,NA,NA
IRTA,homepen_3,103blue,59b,16.12.2021,10:41,home pen,2,post,negative,expectpositive_receivenegative,social,yes,71,25,126.65,147.794,10.675,NA,NA,NA,NA,NA,NA,NA,NA,NA,NA,NA
IRTA,homepen_3,303red,80b,10.12.2021,09:12,home pen,2,pre,positive,positive_positive,social,yes,65,24.65,126.65,61.36,10.929,NA,NA,38.7,35.9,37.7,38.3,27.6,34,32.3,23.5,27
IRTA,homepen_3,303red,80b,10.12.2021,10:20,home pen,2,post,positive,positive_positive,social,yes,65,24.65,126.65,51.486,5.927,NA,NA,38.9,25.3,34.1,36.3,27.3,32.1,26.2,20.8,23.9
IRTA,homepen_3,303red,79b,16.12.2021,09:38,home pen,2,pre,negative,expectpositive_receivenegative,social,yes,71,24.65,126.65,59.279,5.673,NA,NA,NA,NA,NA,NA,NA,NA,NA,NA,NA
IRTA,homepen_3,303red,79b,16.12.2021,10:44,home pen,2,post,negative,expectpositive_receivenegative,social,yes,71,24.65,126.65,53.564,10.183,NA,NA,NA,NA,NA,NA,NA,NA,NA,NA,NA
IRTA,homepen_3,403orange,14c,10.12.2021,09:08,home pen,2,pre,positive,positive_positive,social,yes,65,27.5,126.65,44.378,4.164,NA,NA,38.6,37.3,38,39.5,32.3,33.2,35.7,24,29.6
IRTA,homepen_3,403orange,14c,10.12.2021,10:22,home pen,2,post,positive,positive_positive,social,yes,65,27.5,126.65,41.049,2.913,NA,NA,34.4,23.8,27.9,38.3,31.4,36.3,36,23.9,31
IRTA,homepen_3,403orange,13c,16.12.2021,09:37,home pen,2,pre,negative,expectpositive_receivenegative,social,yes,71,27.5,126.65,167.475,4.889,NA,NA,NA,NA,NA,NA,NA,NA,NA,NA,NA
IRTA,homepen_3,403orange,13c,16.12.2021,10:40,home pen,2,post,negative,expectpositive_receivenegative,social,yes,71,27.5,126.65,180.84,4.517,NA,NA,NA,NA,NA,NA,NA,NA,NA,NA,NA
IRTA,homepen_4,104blue,62b,10.12.2021,09:32,home pen,2,pre,positive,positive_positive,social,yes,65,24.15,134.75,39.427,4.923,NA,NA,39.2,36.8,38.1,34.2,27.3,31.6,30.9,24.4,27.7
IRTA,homepen_4,104blue,62b,10.12.2021,11:16,home pen,2,post,positive,positive_positive,social,yes,65,24.15,134.75,65.561,3.379,NA,NA,39.1,36.3,37.3,38.6,26.5,31.6,30.9,22.3,25.6
IRTA,homepen_4,104blue,61b,16.12.2021,09:59,home pen,2,pre,negative,expectpositive_receivenegative,social,yes,71,24.15,134.75,47.079,10.296,NA,NA,NA,NA,NA,NA,NA,NA,NA,NA,NA
IRTA,homepen_4,104blue,61b,16.12.2021,11:28,home pen,2,post,negative,expectpositive_receivenegative,social,yes,71,24.15,134.75,59.206,13.004,NA,NA,NA,NA,NA,NA,NA,NA,NA,NA,NA
IRTA,homepen_4,304red,2c,10.12.2021,09:33,home pen,2,pre,positive,positive_positive,social,yes,65,27.6,134.75,91.323,3.274,NA,NA,36.6,33.8,34.9,38,26.2,32.3,31.5,22.6,24.3
IRTA,homepen_4,304red,2c,10.12.2021,11:14,home pen,2,post,positive,positive_positive,social,yes,65,27.6,134.75,93.593,4.038,NA,NA,39.5,36.5,37.3,38.6,26.5,31.6,30.9,22.3,26.2
IRTA,homepen_4,304red,1c,16.12.2021,09:56,home pen,2,pre,negative,expectpositive_receivenegative,social,yes,71,27.6,134.75,154.004,9.661,NA,NA,NA,NA,NA,NA,NA,NA,NA,NA,NA
IRTA,homepen_4,304red,1c,16.12.2021,11:29,home pen,2,post,negative,expectpositive_receivenegative,social,yes,71,27.6,134.75,107.675,12.119,NA,NA,NA,NA,NA,NA,NA,NA,NA,NA,NA
IRTA,homepen_4,4yellow,20c,10.12.2021,09:29,home pen,2,pre,positive,positive_positive,social,yes,65,23.95,134.75,71.726,5.332,NA,NA,38.5,32.9,34.8,33.6,25.8,27.9,35.4,24.9,26.9
IRTA,homepen_4,4yellow,20c,10.12.2021,11:14,home pen,2,post,positive,positive_positive,social,yes,65,23.95,134.75,82.717,4.623,NA,NA,36.8,34.4,35.8,37.2,28.6,33.8,29.4,22.3,25.6
IRTA,homepen_4,4yellow,19c,16.12.2021,09:56,home pen,2,pre,negative,expectpositive_receivenegative,social,yes,71,23.95,134.75,159.09,7.883,NA,NA,NA,NA,NA,NA,NA,NA,NA,NA,NA
IRTA,homepen_4,4yellow,19c,16.12.2021,11:32,home pen,2,post,negative,expectpositive_receivenegative,social,yes,71,23.95,134.75,54.069,9.108,NA,NA,NA,NA,NA,NA,NA,NA,NA,NA,NA
IRTA,homepen_7,307red,6c,10.12.2021,09:22,home pen,2,pre,positive,positive_positive,social,yes,65,29.28,136.93,44.193,3.727,NA,NA,37.5,22.3,29.8,34.9,23.2,27.1,33.5,22.6,26.6
IRTA,homepen_7,307red,6c,10.12.2021,10:44,home pen,2,post,positive,positive_positive,social,yes,65,29.28,136.93,104.426,2.75,NA,NA,35.2,19.7,29,32.7,24.5,29,34.7,20.6,26
IRTA,homepen_7,307red,5c,16.12.2021,09:47,home pen,2,pre,negative,expectpositive_receivenegative,social,yes,71,29.28,136.93,126.962,4.915,NA,NA,NA,NA,NA,NA,NA,NA,NA,NA,NA
IRTA,homepen_7,307red,5c,16.12.2021,11:04,home pen,2,post,negative,expectpositive_receivenegative,social,yes,71,29.28,136.93,85.422,5.756,NA,NA,NA,NA,NA,NA,NA,NA,NA,NA,NA
IRTA,homepen_7,407orange,16c,10.12.2021,09:16,home pen,2,pre,positive,positive_positive,social,yes,65,26.2,136.93,58.902,3.908,NA,NA,34.8,20.5,31.3,32.1,21.5,30.6,27.5,21.7,24.8
IRTA,homepen_7,407orange,16c,10.12.2021,10:44,home pen,2,post,positive,positive_positive,social,yes,65,26.2,136.93,121.038,4.398,NA,NA,38.3,27.8,34.3,35.5,21.1,27.1,28.7,21.2,24.4
IRTA,homepen_7,407orange,15c,16.12.2021,09:47,home pen,2,pre,negative,expectpositive_receivenegative,social,yes,71,26.2,136.93,259.619,6.381,NA,NA,NA,NA,NA,NA,NA,NA,NA,NA,NA
IRTA,homepen_7,407orange,15c,16.12.2021,11:02,home pen,2,post,negative,expectpositive_receivenegative,social,yes,71,26.2,136.93,106.614,4.765,NA,NA,NA,NA,NA,NA,NA,NA,NA,NA,NA
IRTA,homepen_7,7yellow,22c,10.12.2021,09:19,home pen,2,pre,positive,positive_positive,social,yes,65,24.95,136.93,89.506,4.918,NA,NA,36.4,28.8,35.1,32.2,23.7,26.3,32.5,20.4,26.4
IRTA,homepen_7,7yellow,22c,10.12.2021,10:46,home pen,2,post,positive,positive_positive,social,yes,65,24.95,136.93,65.524,3.532,NA,NA,36.8,29.9,32.6,35.3,23.8,28.4,33.4,23.4,28.4
IRTA,homepen_7,7yellow,21c,16.12.2021,09:50,home pen,2,pre,negative,expectpositive_receivenegative,social,yes,71,24.95,136.93,138.569,4.486,NA,NA,NA,NA,NA,NA,NA,NA,NA,NA,NA
IRTA,homepen_7,7yellow,21c,16.12.2021,11:05,home pen,2,post,negative,expectpositive_receivenegative,social,yes,71,24.95,136.93,89.29,5.081,NA,NA,NA,NA,NA,NA,NA,NA,NA,NA,NA
IRTA,homepen_8,108blue,64b,10.12.2021,09:42,home pen,2,pre,positive,positive_positive,social,yes,65,29.15,143.2,174.147,6.406,NA,NA,36.5,30.8,35.6,36.3,24.2,32.2,30.3,23.4,26.3
IRTA,homepen_8,108blue,64b,10.12.2021,10:46,home pen,2,post,positive,positive_positive,social,yes,65,29.15,143.2,NA,7.643,NA,NA,35.3,31.4,34.1,37.1,25.6,33.1,27.2,20.6,22.9
IRTA,homepen_8,108blue,63b,16.12.2021,10:04,home pen,2,pre,negative,expectpositive_receivenegative,social,yes,71,29.15,143.2,171.777,6.386,NA,NA,NA,NA,NA,NA,NA,NA,NA,NA,NA
IRTA,homepen_8,108blue,63b,16.12.2021,11:49,home pen,2,post,negative,expectpositive_receivenegative,social,yes,71,29.15,143.2,69.993,4.762,NA,NA,NA,NA,NA,NA,NA,NA,NA,NA,NA
IRTA,homepen_8,208green,74b,10.12.2021,09:46,home pen,2,pre,positive,positive_positive,social,yes,65,23.5,143.2,79.258,5.505,NA,NA,37.7,34.5,36.4,33.7,22.1,34.6,30.3,20,26.2
IRTA,homepen_8,208green,74b,10.12.2021,10:41,home pen,2,post,positive,positive_positive,social,yes,65,23.5,143.2,79.258,3.551,NA,NA,36.4,33.6,34.9,36.9,29.9,35,26.1,19.6,23.2
IRTA,homepen_8,208green,73b,16.12.2021,10:08,home pen,2,pre,negative,expectpositive_receivenegative,social,yes,71,23.5,143.2,178.599,5.558,NA,NA,NA,NA,NA,NA,NA,NA,NA,NA,NA
IRTA,homepen_8,208green,73b,16.12.2021,11:52,home pen,2,post,negative,expectpositive_receivenegative,social,yes,71,23.5,143.2,196.761,9.316,NA,NA,NA,NA,NA,NA,NA,NA,NA,NA,NA
IRTA,homepen_8,305red,4c,10.12.2021,09:43,home pen,2,pre,positive,positive_positive,social,yes,65,23.8,143.2,71.714,3.135,NA,NA,33.2,22.8,28.9,32.8,23.9,29.9,27.8,20.9,24.3
IRTA,homepen_8,305red,4c,10.12.2021,10:40,home pen,2,post,positive,positive_positive,social,yes,65,23.8,143.2,65.105,5.382,NA,NA,36.5,27.5,32.3,36.8,24.7,29.9,30.4,20.8,25.7
IRTA,homepen_8,305red,3c,16.12.2021,10:07,home pen,2,pre,negative,expectpositive_receivenegative,social,yes,71,23.8,143.2,140.168,2.936,NA,NA,NA,NA,NA,NA,NA,NA,NA,NA,NA
IRTA,homepen_8,305red,3c,16.12.2021,11:50,home pen,2,post,negative,expectpositive_receivenegative,social,yes,71,23.8,143.2,124.575,10.245,NA,NA,NA,NA,NA,NA,NA,NA,NA,NA,NA
IRTA,homepen_9,109blue,65b,10.12.2021,09:24,home pen,2,pre,negative,NA,NA,no,65,32.2,144.15,60.985,3.087,NA,NA,31.4,25.4,29.5,36.5,24.4,32.8,32.5,21.1,27
IRTA,homepen_9,109blue,65b,10.12.2021,10:59,home pen,2,post,negative,NA,NA,no,65,32.2,144.15,42.341,1.854,NA,NA,37.3,36.4,36.9,37.8,26.4,34,35.4,24.6,30.1
IRTA,homepen_9,109blue,66b,16.12.2021,09:52,home pen,2,pre,positive,NA,NA,no,71,32.2,144.15,54.305,2.504,NA,NA,NA,NA,NA,NA,NA,NA,NA,NA,NA
IRTA,homepen_9,109blue,66b,16.12.2021,11:19,home pen,2,post,positive,NA,NA,no,71,32.2,144.15,45.507,1.662,NA,NA,NA,NA,NA,NA,NA,NA,NA,NA,NA
IRTA,homepen_9,309red,7c,10.12.2021,09:29,home pen,2,pre,negative,NA,NA,no,65,24.6,144.15,75.093,3.387,NA,NA,36.4,34.5,36.2,34.3,23.5,32,32.3,25.7,31.1
IRTA,homepen_9,309red,7c,10.12.2021,11:02,home pen,2,post,negative,NA,NA,no,65,24.6,144.15,79.958,4.617,NA,NA,36.5,24.8,32.9,36.4,24.8,29.4,35.1,27.4,32.1
IRTA,homepen_9,309red,8c,16.12.2021,09:55,home pen,2,pre,positive,NA,NA,no,71,24.6,144.15,71.439,3.106,NA,NA,NA,NA,NA,NA,NA,NA,NA,NA,NA
IRTA,homepen_9,309red,8c,16.12.2021,11:19,home pen,2,post,positive,NA,NA,no,71,24.6,144.15,27.304,1.571,NA,NA,NA,NA,NA,NA,NA,NA,NA,NA,NA
IRTA,homepen_9,409orange,17c,10.12.2021,09:29,home pen,2,pre,negative,NA,NA,no,65,30.2,144.15,54.572,3.498,NA,NA,38.9,35.2,38.5,33.1,20.4,25.3,29.2,19.6,23.6
IRTA,homepen_9,409orange,17c,10.12.2021,10:59,home pen,2,post,negative,NA,NA,no,65,30.2,144.15,56.212,6.954,NA,NA,37.7,35.9,36.9,36.3,26,30.3,29.2,20.4,23.8
IRTA,homepen_9,409orange,18c,16.12.2021,09:52,home pen,2,pre,positive,NA,NA,no,71,30.2,144.15,76.299,6.659,NA,NA,NA,NA,NA,NA,NA,NA,NA,NA,NA
IRTA,homepen_9,409orange,18c,16.12.2021,11:24,home pen,2,post,positive,NA,NA,no,71,30.2,144.15,27.553,3.967,NA,NA,NA,NA,NA,NA,NA,NA,NA,NA,NA
WUR,testpen_213,244,3,05.10.2020,07:02,test pen,0.72,pre,negative,NA,NA,no,51,17.26,17.26,202.588,3.342648671,NA,NA,NA,NA,NA,NA,NA,NA,NA,NA,NA
WUR,testpen_213,244,3,05.10.2020,07:25,test pen,0.72,post,negative,NA,NA,no,51,17.26,17.26,139.95,1.649755,NA,NA,NA,NA,NA,NA,NA,NA,NA,NA,NA
WUR,testpen_213,244,4,08.10.2020,08:52,test pen,11.25,pre,positive,NA,NA,no,51,17.26,62.67,302.18,1.205,NA,NA,NA,NA,NA,NA,NA,NA,NA,NA,NA
WUR,testpen_213,244,4,08.10.2020,09:24,test pen,11.25,post,positive,NA,NA,no,51,17.26,62.67,165.771,10.656,NA,NA,NA,NA,NA,NA,NA,NA,NA,NA,NA
WUR,testpen_213,1185,55,05.10.2020,07:13,test pen,0.72,pre,negative,NA,NA,no,51,16.73,16.73,70.707,3.333445,NA,NA,NA,NA,NA,NA,NA,NA,NA,NA,NA
WUR,testpen_213,1185,55,05.10.2020,07:37,test pen,0.72,post,negative,NA,NA,no,51,16.73,16.73,88.121,5.743975,NA,NA,NA,NA,NA,NA,NA,NA,NA,NA,NA
WUR,testpen_213,1185,56,08.10.2020,08:56,test pen,11.25,pre,positive,NA,NA,no,51,16.73,62.67,108.129,2.003,NA,NA,NA,NA,NA,NA,NA,NA,NA,NA,NA
WUR,testpen_213,1185,56,08.10.2020,09:24,test pen,11.25,post,positive,NA,NA,no,51,16.73,62.67,160.428,1.3633,NA,NA,NA,NA,NA,NA,NA,NA,NA,NA,NA
WUR,testpen_213,1466,63,05.10.2020,07:28,test pen,0.72,pre,negative,NA,NA,no,51,13.16,13.16,128.044,5.337249762,NA,NA,NA,NA,NA,NA,NA,NA,NA,NA,NA
WUR,testpen_213,1466,63,05.10.2020,07:50,test pen,0.72,post,negative,NA,NA,no,51,13.16,13.16,69.17,2.851435,NA,NA,NA,NA,NA,NA,NA,NA,NA,NA,NA
WUR,testpen_213,1466,64,08.10.2020,08:58,test pen,11.25,pre,positive,NA,NA,no,51,13.16,62.67,153.555,1.61,NA,NA,NA,NA,NA,NA,NA,NA,NA,NA,NA
WUR,testpen_213,1466,64,08.10.2020,09:26,test pen,11.25,post,positive,NA,NA,no,51,13.16,62.67,126.557,1.722,NA,NA,NA,NA,NA,NA,NA,NA,NA,NA,NA
WUR,testpen_213,223002,51b,05.10.2020,07:39,test pen,0.72,pre,negative,NA,NA,no,51,15.52,15.52,236.659,1.723545,NA,NA,NA,NA,NA,NA,NA,NA,NA,NA,NA
WUR,testpen_213,223002,51b,05.10.2020,08:05,test pen,0.72,post,negative,NA,NA,no,51,15.52,15.52,392.245,16.99685225,NA,NA,NA,NA,NA,NA,NA,NA,NA,NA,NA
WUR,testpen_213,223002,52b,08.10.2020,08:55,test pen,11.25,pre,positive,NA,NA,no,51,15.52,62.67,168.973,1.901,NA,NA,NA,NA,NA,NA,NA,NA,NA,NA,NA
WUR,testpen_213,223002,52b,08.10.2020,09:26,test pen,11.25,post,positive,NA,NA,no,51,15.52,62.67,174.892,NA,NA,NA,NA,NA,NA,NA,NA,NA,NA,NA,NA
WUR,testpen_214,825,49,05.10.2020,10:53,test pen,0.72,pre,negative,NA,NA,no,52,14.42,14.42,111.731,0.75932,NA,NA,NA,NA,NA,NA,NA,NA,NA,NA,NA
WUR,testpen_214,825,49,05.10.2020,11:15,test pen,0.72,post,negative,NA,NA,no,52,14.42,14.42,107.739,2.38668,NA,NA,NA,NA,NA,NA,NA,NA,NA,NA,NA
WUR,testpen_214,825,50,08.10.2020,09:27,test pen,11.25,pre,positive,NA,NA,no,52,14.42,63.44,140.743,4.127,NA,NA,NA,NA,NA,NA,NA,NA,NA,NA,NA
WUR,testpen_214,825,50,08.10.2020,09:55,test pen,11.25,post,positive,NA,NA,no,52,14.42,63.44,142.786,2.208,NA,NA,NA,NA,NA,NA,NA,NA,NA,NA,NA
WUR,testpen_214,1774,71,05.10.2020,11:47,test pen,0.72,pre,negative,NA,NA,no,51,14.7,14.7,52.365,0.373425,NA,NA,NA,NA,NA,NA,NA,NA,NA,NA,NA
WUR,testpen_214,1774,71,05.10.2020,12:10,test pen,0.72,post,negative,NA,NA,no,51,14.7,14.7,49.565,1.359695,NA,NA,NA,NA,NA,NA,NA,NA,NA,NA,NA
WUR,testpen_214,1774,72,08.10.2020,09:28,test pen,11.25,pre,positive,NA,NA,no,51,14.7,63.44,50.31,0.617,NA,NA,NA,NA,NA,NA,NA,NA,NA,NA,NA
WUR,testpen_214,1774,72,08.10.2020,09:52,test pen,11.25,post,positive,NA,NA,no,51,14.7,63.44,118.921,0.881,NA,NA,NA,NA,NA,NA,NA,NA,NA,NA,NA
WUR,testpen_214,2129,79,05.10.2020,12:02,test pen,0.72,pre,negative,NA,NA,no,51,18.1,18.1,52.145,0.632715,NA,NA,NA,NA,NA,NA,NA,NA,NA,NA,NA
WUR,testpen_214,2129,79,05.10.2020,12:24,test pen,0.72,post,negative,NA,NA,no,51,18.1,18.1,39.901,1.05593,NA,NA,NA,NA,NA,NA,NA,NA,NA,NA,NA
WUR,testpen_214,2129,80,08.10.2020,09:30,test pen,11.25,pre,positive,NA,NA,no,51,18.1,63.44,75.578,2.564,NA,NA,NA,NA,NA,NA,NA,NA,NA,NA,NA
WUR,testpen_214,2129,80,08.10.2020,09:53,test pen,11.25,post,positive,NA,NA,no,51,18.1,63.44,126.396,0.998,NA,NA,NA,NA,NA,NA,NA,NA,NA,NA,NA
WUR,testpen_214,3877,29b,05.10.2020,12:16,test pen,0.72,pre,negative,NA,NA,no,51,16.22,16.22,184.639,2.28073,NA,NA,NA,NA,NA,NA,NA,NA,NA,NA,NA
WUR,testpen_214,3877,29b,05.10.2020,12:39,test pen,0.72,post,negative,NA,NA,no,51,16.22,16.22,196.692,4.103695,NA,NA,NA,NA,NA,NA,NA,NA,NA,NA,NA
WUR,testpen_214,3877,30b,08.10.2020,09:29,test pen,11.25,pre,positive,NA,NA,no,51,16.22,63.44,144.175,0.645,NA,NA,NA,NA,NA,NA,NA,NA,NA,NA,NA
WUR,testpen_214,3877,30b,08.10.2020,09:55,test pen,11.25,post,positive,NA,NA,no,51,16.22,63.44,86.743,0.628,NA,NA,NA,NA,NA,NA,NA,NA,NA,NA,NA
WUR,testpen_215,1368,59,06.10.2020,09:57,test pen,0.72,pre,negative,NA,NA,no,52,18.88,18.88,157.813,0.597455,NA,NA,NA,NA,NA,NA,NA,NA,NA,NA,NA
WUR,testpen_215,1368,59,06.10.2020,10:19,test pen,0.72,post,negative,NA,NA,no,52,18.88,18.88,136.185,4.915235,NA,NA,NA,NA,NA,NA,NA,NA,NA,NA,NA
WUR,testpen_215,1368,60,08.10.2020,10:39,test pen,11.25,pre,positive,NA,NA,no,52,18.88,65.55,130.515,0.543,NA,NA,NA,NA,NA,NA,NA,NA,NA,NA,NA
WUR,testpen_215,1368,60,08.10.2020,11:30,test pen,11.25,post,positive,NA,NA,no,52,18.88,65.55,87.358,1.84,NA,NA,NA,NA,NA,NA,NA,NA,NA,NA,NA
WUR,testpen_215,2123,77,06.10.2020,10:11,test pen,0.72,pre,negative,NA,NA,no,51,15.99,15.99,152.006,1.393855,NA,NA,NA,NA,NA,NA,NA,NA,NA,NA,NA
WUR,testpen_215,2123,77,06.10.2020,10:32,test pen,0.72,post,negative,NA,NA,no,51,15.99,15.99,146.254,5.01972,NA,NA,NA,NA,NA,NA,NA,NA,NA,NA,NA
WUR,testpen_215,2123,78,08.10.2020,10:37,test pen,11.25,pre,positive,NA,NA,no,51,15.99,65.55,185.311,0.951,NA,NA,NA,NA,NA,NA,NA,NA,NA,NA,NA
WUR,testpen_215,2123,78,08.10.2020,11:01,test pen,11.25,post,positive,NA,NA,no,51,15.99,65.55,146.697,1.612,NA,NA,NA,NA,NA,NA,NA,NA,NA,NA,NA
WUR,testpen_215,2327,3b,06.10.2020,10:24,test pen,0.72,pre,negative,NA,NA,no,51,13.28,13.28,172.327,4.798228035,NA,NA,NA,NA,NA,NA,NA,NA,NA,NA,NA
WUR,testpen_215,2327,3b,06.10.2020,10:46,test pen,0.72,post,negative,NA,NA,no,51,13.28,13.28,202.495,19.88639,NA,NA,NA,NA,NA,NA,NA,NA,NA,NA,NA
WUR,testpen_215,2327,4b,08.10.2020,10:39,test pen,11.25,pre,positive,NA,NA,no,51,13.28,65.55,152.071,0.4655,NA,NA,NA,NA,NA,NA,NA,NA,NA,NA,NA
WUR,testpen_215,2327,4b,08.10.2020,11:06,test pen,11.25,post,positive,NA,NA,no,51,13.28,65.55,NA,NA,NA,NA,NA,NA,NA,NA,NA,NA,NA,NA,NA
WUR,testpen_215,4053,33b,06.10.2020,10:38,test pen,0.72,pre,negative,NA,NA,no,54,17.4,17.4,161.442,0.814115,NA,NA,NA,NA,NA,NA,NA,NA,NA,NA,NA
WUR,testpen_215,4053,33b,06.10.2020,11:01,test pen,0.72,post,negative,NA,NA,no,54,17.4,17.4,69.612,1.084535,NA,NA,NA,NA,NA,NA,NA,NA,NA,NA,NA
WUR,testpen_215,4053,34b,08.10.2020,10:39,test pen,11.25,pre,positive,NA,NA,no,54,17.4,65.55,190.121,2.041,NA,NA,NA,NA,NA,NA,NA,NA,NA,NA,NA
WUR,testpen_215,4053,34b,08.10.2020,11:02,test pen,11.25,post,positive,NA,NA,no,54,17.4,65.55,103.225,2.049,NA,NA,NA,NA,NA,NA,NA,NA,NA,NA,NA
WUR,testpen_216,1788,73,06.10.2020,14:51,test pen,0.72,pre,negative,NA,NA,no,53,16.55,16.55,121.186,0.84197,NA,NA,NA,NA,NA,NA,NA,NA,NA,NA,NA
WUR,testpen_216,1788,73,06.10.2020,15:13,test pen,0.72,post,negative,NA,NA,no,53,16.55,16.55,147.942,2.095585,NA,NA,NA,NA,NA,NA,NA,NA,NA,NA,NA
WUR,testpen_216,1788,74,08.10.2020,11:07,test pen,11.25,pre,positive,NA,NA,no,53,16.55,55.26,130.635,0.887,NA,NA,NA,NA,NA,NA,NA,NA,NA,NA,NA
WUR,testpen_216,1788,74,08.10.2020,11:33,test pen,11.25,post,positive,NA,NA,no,53,16.55,55.26,99.558,0.412,NA,NA,NA,NA,NA,NA,NA,NA,NA,NA,NA
WUR,testpen_216,2555,5b,06.10.2020,15:05,test pen,0.72,pre,negative,NA,NA,no,52,18.82,18.82,130.693,2.93078,NA,NA,NA,NA,NA,NA,NA,NA,NA,NA,NA
WUR,testpen_216,2555,5b,06.10.2020,15:28,test pen,0.72,post,negative,NA,NA,no,52,18.82,18.82,186.246,1.553075,NA,NA,NA,NA,NA,NA,NA,NA,NA,NA,NA
WUR,testpen_216,2555,6b,08.10.2020,11:09,test pen,11.25,pre,positive,NA,NA,no,52,18.82,55.26,133.868,1.633,NA,NA,NA,NA,NA,NA,NA,NA,NA,NA,NA
WUR,testpen_216,2555,6b,08.10.2020,11:36,test pen,11.25,post,positive,NA,NA,no,52,18.82,55.26,120.718,1.584,NA,NA,NA,NA,NA,NA,NA,NA,NA,NA,NA
WUR,testpen_216,104102,49b,06.10.2020,14:37,test pen,0.72,pre,negative,NA,NA,no,52,19.89,19.89,108.081,1.685485,NA,NA,NA,NA,NA,NA,NA,NA,NA,NA,NA
WUR,testpen_216,104102,49b,06.10.2020,14:59,test pen,0.72,post,negative,NA,NA,no,52,19.89,19.89,169.714,26.01515774,NA,NA,NA,NA,NA,NA,NA,NA,NA,NA,NA
WUR,testpen_216,104102,50b,08.10.2020,11:08,test pen,11.25,pre,positive,NA,NA,no,52,19.89,55.26,120.205,2.876,NA,NA,NA,NA,NA,NA,NA,NA,NA,NA,NA
WUR,testpen_216,104102,50b,08.10.2020,11:34,test pen,11.25,post,positive,NA,NA,no,52,19.89,55.26,128.005,2.099,NA,NA,NA,NA,NA,NA,NA,NA,NA,NA,NA
WUR,testpen_413,1661,67,09.11.2020,06:55,test pen,0.72,pre,negative,NA,NA,no,59,18.68,18.68,256.088,0.999866542,NA,NA,NA,NA,NA,NA,NA,NA,NA,NA,NA
WUR,testpen_413,1661,67,09.11.2020,07:18,test pen,0.72,post,negative,NA,NA,no,59,18.68,18.68,200.119,1.588931939,NA,NA,NA,NA,NA,NA,NA,NA,NA,NA,NA
WUR,testpen_413,1661,68,12.11.2020,08:42,test pen,11.25,pre,positive,NA,NA,no,59,18.68,80.82,71.634,0.285,NA,NA,NA,NA,NA,NA,NA,NA,NA,NA,NA
WUR,testpen_413,1661,68,12.11.2020,09:12,test pen,11.25,post,positive,NA,NA,no,59,18.68,80.82,124.839,0.569,NA,NA,NA,NA,NA,NA,NA,NA,NA,NA,NA
WUR,testpen_413,3346,21b,09.11.2020,07:08,test pen,0.72,pre,negative,NA,NA,no,60,15.08,15.08,195.555,1.294351084,NA,NA,NA,NA,NA,NA,NA,NA,NA,NA,NA
WUR,testpen_413,3346,21b,09.11.2020,07:34,test pen,0.72,post,negative,NA,NA,no,60,15.08,15.08,155.715,6.110957398,NA,NA,NA,NA,NA,NA,NA,NA,NA,NA,NA
WUR,testpen_413,3346,22b,12.11.2020,08:43,test pen,11.25,pre,positive,NA,NA,no,60,15.08,80.82,56.158,0.307,NA,NA,NA,NA,NA,NA,NA,NA,NA,NA,NA
WUR,testpen_413,3346,22b,12.11.2020,09:09,test pen,11.25,post,positive,NA,NA,no,60,15.08,80.82,117.752,1.634,NA,NA,NA,NA,NA,NA,NA,NA,NA,NA,NA
WUR,testpen_413,3395,23b,09.11.2020,07:24,test pen,0.72,pre,negative,NA,NA,no,59,25.18,25.18,81.669,1.007812856,NA,NA,NA,NA,NA,NA,NA,NA,NA,NA,NA
WUR,testpen_413,3395,23b,09.11.2020,07:48,test pen,0.72,post,negative,NA,NA,no,59,25.18,25.18,90.829,1.078589327,NA,NA,NA,NA,NA,NA,NA,NA,NA,NA,NA
WUR,testpen_413,3395,24b,12.11.2020,08:40,test pen,11.25,pre,positive,NA,NA,no,59,25.18,80.82,81.836,0.413,NA,NA,NA,NA,NA,NA,NA,NA,NA,NA,NA
WUR,testpen_413,3395,24b,12.11.2020,09:10,test pen,11.25,post,positive,NA,NA,no,59,25.18,80.82,47.133,0.456,NA,NA,NA,NA,NA,NA,NA,NA,NA,NA,NA
WUR,testpen_413,4084,35b,09.11.2020,07:37,test pen,0.72,pre,negative,NA,NA,no,59,21.88,21.88,100.588,0.599682629,NA,NA,NA,NA,NA,NA,NA,NA,NA,NA,NA
WUR,testpen_413,4084,35b,09.11.2020,08:00,test pen,0.72,post,negative,NA,NA,no,59,21.88,21.88,123.871,1.407523047,NA,NA,NA,NA,NA,NA,NA,NA,NA,NA,NA
WUR,testpen_413,4084,36b,12.11.2020,08:42,test pen,11.25,pre,positive,NA,NA,no,59,21.88,80.82,74.527,0.235,NA,NA,NA,NA,NA,NA,NA,NA,NA,NA,NA
WUR,testpen_413,4084,36b,12.11.2020,09:09,test pen,11.25,post,positive,NA,NA,no,59,21.88,80.82,69.502,1.156,NA,NA,NA,NA,NA,NA,NA,NA,NA,NA,NA
WUR,testpen_414,3111,15b,09.11.2020,10:50,test pen,0.72,pre,negative,NA,NA,no,59,21.73,21.73,171.089,1.104683572,NA,NA,NA,NA,NA,NA,NA,NA,NA,NA,NA
WUR,testpen_414,3111,15b,09.11.2020,11:14,test pen,0.72,post,negative,NA,NA,no,59,21.73,21.73,114.29,1.081703901,NA,NA,NA,NA,NA,NA,NA,NA,NA,NA,NA
WUR,testpen_414,3111,16b,12.11.2020,09:36,test pen,11.25,pre,positive,NA,NA,no,59,21.73,84.39,59.16,0.309,NA,NA,NA,NA,NA,NA,NA,NA,NA,NA,NA
WUR,testpen_414,3111,16b,12.11.2020,10:04,test pen,11.25,post,positive,NA,NA,no,59,21.73,84.39,68.604,0.353,NA,NA,NA,NA,NA,NA,NA,NA,NA,NA,NA
WUR,testpen_414,3612,25b,09.11.2020,12:01,test pen,0.72,pre,negative,NA,NA,no,58,24.69,24.69,177.628,0.929131195,NA,NA,NA,NA,NA,NA,NA,NA,NA,NA,NA
WUR,testpen_414,3612,25b,09.11.2020,12:23,test pen,0.72,post,negative,NA,NA,no,58,24.69,24.69,78.796,1.970763797,NA,NA,NA,NA,NA,NA,NA,NA,NA,NA,NA
WUR,testpen_414,3612,26b,12.11.2020,09:35,test pen,11.25,pre,positive,NA,NA,no,58,24.69,84.39,71.525,0.428,NA,NA,NA,NA,NA,NA,NA,NA,NA,NA,NA
WUR,testpen_414,3612,26b,12.11.2020,10:00,test pen,11.25,post,positive,NA,NA,no,58,24.69,84.39,72.956,0.54,NA,NA,NA,NA,NA,NA,NA,NA,NA,NA,NA
WUR,testpen_414,4379,37b,09.11.2020,12:09,test pen,0.72,pre,negative,NA,NA,no,59,19.89,19.89,78.446,2.187622868,NA,NA,NA,NA,NA,NA,NA,NA,NA,NA,NA
WUR,testpen_414,4379,37b,09.11.2020,12:34,test pen,0.72,post,negative,NA,NA,no,59,19.89,19.89,118.419,2.491091602,NA,NA,NA,NA,NA,NA,NA,NA,NA,NA,NA
WUR,testpen_414,4379,38b,12.11.2020,09:35,test pen,11.25,pre,positive,NA,NA,no,59,19.89,84.39,65.197,0.368,NA,NA,NA,NA,NA,NA,NA,NA,NA,NA,NA
WUR,testpen_414,4379,38b,12.11.2020,10:02,test pen,11.25,post,positive,NA,NA,no,59,19.89,84.39,85.805,1.31,NA,NA,NA,NA,NA,NA,NA,NA,NA,NA,NA
WUR,testpen_414,4645,39b,09.11.2020,12:24,test pen,0.72,pre,negative,NA,NA,no,58,18.08,18.08,100.732,1.150818848,NA,NA,NA,NA,NA,NA,NA,NA,NA,NA,NA
WUR,testpen_414,4645,39b,09.11.2020,12:48,test pen,0.72,post,negative,NA,NA,no,58,18.08,18.08,NA,NA,NA,NA,NA,NA,NA,NA,NA,NA,NA,NA,NA
WUR,testpen_414,4645,40b,12.11.2020,09:38,test pen,11.25,pre,positive,NA,NA,no,58,18.08,84.39,77.248,0.284,NA,NA,NA,NA,NA,NA,NA,NA,NA,NA,NA
WUR,testpen_414,4645,40b,12.11.2020,10:01,test pen,11.25,post,positive,NA,NA,no,58,18.08,84.39,92.807,0.834,NA,NA,NA,NA,NA,NA,NA,NA,NA,NA,NA
WUR,testpen_415,696,43,10.11.2020,09:54,test pen,0.72,pre,negative,NA,NA,no,61,17.39,17.39,34.409,1.240558701,NA,NA,NA,NA,NA,NA,NA,NA,NA,NA,NA
WUR,testpen_415,696,43,10.11.2020,10:18,test pen,0.72,post,negative,NA,NA,no,61,17.39,17.39,95.912,6.347229785,NA,NA,NA,NA,NA,NA,NA,NA,NA,NA,NA
WUR,testpen_415,696,44,12.11.2020,10:46,test pen,11.25,pre,positive,NA,NA,no,61,17.39,78.85,76.181,0.383,NA,NA,NA,NA,NA,NA,NA,NA,NA,NA,NA
WUR,testpen_415,696,44,12.11.2020,11:13,test pen,11.25,post,positive,NA,NA,no,61,17.39,78.85,133.061,1.162,NA,NA,NA,NA,NA,NA,NA,NA,NA,NA,NA
WUR,testpen_415,1794,75,10.11.2020,10:09,test pen,0.72,pre,negative,NA,NA,no,60,23.29,23.29,75.952,1.765516596,NA,NA,NA,NA,NA,NA,NA,NA,NA,NA,NA
WUR,testpen_415,1794,75,10.11.2020,10:42,test pen,0.72,post,negative,NA,NA,no,60,23.29,23.29,61.727,0.888656996,NA,NA,NA,NA,NA,NA,NA,NA,NA,NA,NA
WUR,testpen_415,1794,76,12.11.2020,10:44,test pen,11.25,pre,positive,NA,NA,no,60,23.29,78.85,173.077,0.999,NA,NA,NA,NA,NA,NA,NA,NA,NA,NA,NA
WUR,testpen_415,1794,76,12.11.2020,11:16,test pen,11.25,post,positive,NA,NA,no,60,23.29,78.85,43.081,0.146,NA,NA,NA,NA,NA,NA,NA,NA,NA,NA,NA
WUR,testpen_415,2982,13b,10.11.2020,10:23,test pen,0.72,pre,negative,NA,NA,no,60,19.88,19.88,64.32,0.527496481,NA,NA,NA,NA,NA,NA,NA,NA,NA,NA,NA
WUR,testpen_415,2982,13b,10.11.2020,10:46,test pen,0.72,post,negative,NA,NA,no,60,19.88,19.88,82.677,1.431188897,NA,NA,NA,NA,NA,NA,NA,NA,NA,NA,NA
WUR,testpen_415,2982,14b,12.11.2020,10:44,test pen,11.25,pre,positive,NA,NA,no,60,19.88,78.85,83.239,0.725,NA,NA,NA,NA,NA,NA,NA,NA,NA,NA,NA
WUR,testpen_415,2982,14b,12.11.2020,11:11,test pen,11.25,post,positive,NA,NA,no,60,19.88,78.85,166.012,0.959,NA,NA,NA,NA,NA,NA,NA,NA,NA,NA,NA
WUR,testpen_415,3987,31b,10.11.2020,10:35,test pen,0.72,pre,negative,NA,NA,no,59,18.29,18.29,57.905,0.962545048,NA,NA,NA,NA,NA,NA,NA,NA,NA,NA,NA
WUR,testpen_415,3987,31b,10.11.2020,10:58,test pen,0.72,post,negative,NA,NA,no,59,18.29,18.29,77.276,7.150514464,NA,NA,NA,NA,NA,NA,NA,NA,NA,NA,NA
WUR,testpen_415,3987,32b,12.11.2020,10:46,test pen,11.25,pre,positive,NA,NA,no,59,18.29,78.85,72.786,0.464,NA,NA,NA,NA,NA,NA,NA,NA,NA,NA,NA
WUR,testpen_415,3987,32b,12.11.2020,11:14,test pen,11.25,post,positive,NA,NA,no,59,18.29,78.85,42.475,0.675,NA,NA,NA,NA,NA,NA,NA,NA,NA,NA,NA
WUR,testpen_416,3114,17b,10.11.2020,14:44,test pen,0.72,pre,negative,NA,NA,no,59,20.34,20.34,122.392,1.18115946,NA,NA,NA,NA,NA,NA,NA,NA,NA,NA,NA
WUR,testpen_416,3114,17b,10.11.2020,15:10,test pen,0.72,post,negative,NA,NA,no,59,20.34,20.34,105.628,3.594411166,NA,NA,NA,NA,NA,NA,NA,NA,NA,NA,NA
WUR,testpen_416,3114,18b,12.11.2020,11:38,test pen,11.25,pre,positive,NA,NA,no,59,20.34,87.88,153.201,0.615,NA,NA,NA,NA,NA,NA,NA,NA,NA,NA,NA
WUR,testpen_416,3114,18b,12.11.2020,12:02,test pen,11.25,post,positive,NA,NA,no,59,20.34,87.88,137.569,2.735,NA,NA,NA,NA,NA,NA,NA,NA,NA,NA,NA
WUR,testpen_416,3822,27b,10.11.2020,15:00,test pen,0.72,pre,negative,NA,NA,no,60,28.27,28.27,88.248,0.886331103,NA,NA,NA,NA,NA,NA,NA,NA,NA,NA,NA
WUR,testpen_416,3822,27b,10.11.2020,15:25,test pen,0.72,post,negative,NA,NA,no,60,28.27,28.27,149.121,2.795429822,NA,NA,NA,NA,NA,NA,NA,NA,NA,NA,NA
WUR,testpen_416,3822,28b,12.11.2020,11:35,test pen,11.25,pre,positive,NA,NA,no,60,28.27,87.88,100.196,0.535,NA,NA,NA,NA,NA,NA,NA,NA,NA,NA,NA
WUR,testpen_416,3822,28b,12.11.2020,12:00,test pen,11.25,post,positive,NA,NA,no,60,28.27,87.88,64.929,0.809,NA,NA,NA,NA,NA,NA,NA,NA,NA,NA,NA
WUR,testpen_416,4648,41b,10.11.2020,15:14,test pen,0.72,pre,negative,NA,NA,no,60,20.08,20.08,141.048,1.133486353,NA,NA,NA,NA,NA,NA,NA,NA,NA,NA,NA
WUR,testpen_416,4648,41b,10.11.2020,15:37,test pen,0.72,post,negative,NA,NA,no,60,20.08,20.08,113.959,5.518006587,NA,NA,NA,NA,NA,NA,NA,NA,NA,NA,NA
WUR,testpen_416,4648,42b,12.11.2020,11:35,test pen,11.25,pre,positive,NA,NA,no,60,20.08,87.88,130.132,0.393,NA,NA,NA,NA,NA,NA,NA,NA,NA,NA,NA
WUR,testpen_416,4648,42b,12.11.2020,12:02,test pen,11.25,post,positive,NA,NA,no,60,20.08,87.88,39.712,1.604,NA,NA,NA,NA,NA,NA,NA,NA,NA,NA,NA
WUR,testpen_416,4970,47b,10.11.2020,15:28,test pen,0.72,pre,negative,NA,NA,no,59,19.19,19.19,76.653,1.148416898,NA,NA,NA,NA,NA,NA,NA,NA,NA,NA,NA
WUR,testpen_416,4970,47b,10.11.2020,15:50,test pen,0.72,post,negative,NA,NA,no,59,19.19,19.19,131.918,7.392974266,NA,NA,NA,NA,NA,NA,NA,NA,NA,NA,NA
WUR,testpen_416,4970,48b,12.11.2020,11:38,test pen,11.25,pre,positive,NA,NA,no,59,19.19,87.88,132.099,0.629,NA,NA,NA,NA,NA,NA,NA,NA,NA,NA,NA
WUR,testpen_416,4970,48b,12.11.2020,12:05,test pen,11.25,post,positive,NA,NA,no,59,19.19,87.88,196.119,1.097,NA,NA,NA,NA,NA,NA,NA,NA,NA,NA,NA
WUR,testpen_613,949,53,14.12.2020,06:56,test pen,0.72,pre,negative,NA,NA,no,43,12.81,12.81,210.048,3.692218443,NA,NA,NA,NA,NA,NA,NA,NA,NA,NA,NA
WUR,testpen_613,949,53,14.12.2020,07:20,test pen,0.72,post,negative,NA,NA,no,43,12.81,12.81,174.057,2.995138306,NA,NA,NA,NA,NA,NA,NA,NA,NA,NA,NA
WUR,testpen_613,949,54,17.12.2020,08:42,test pen,11.25,pre,positive,NA,NA,no,43,12.81,45.96,159.348,0.93,NA,NA,NA,NA,NA,NA,NA,NA,NA,NA,NA
WUR,testpen_613,949,54,17.12.2020,09:08,test pen,11.25,post,positive,NA,NA,no,43,12.81,45.96,127.333,1.471,NA,NA,NA,NA,NA,NA,NA,NA,NA,NA,NA
WUR,testpen_613,1390,61,14.12.2020,07:10,test pen,0.72,pre,negative,NA,NA,no,44,12.58,12.58,252.475,1.524420839,NA,NA,NA,NA,NA,NA,NA,NA,NA,NA,NA
WUR,testpen_613,1390,61,14.12.2020,07:34,test pen,0.72,post,negative,NA,NA,no,44,12.58,12.58,207.113,1.086012789,NA,NA,NA,NA,NA,NA,NA,NA,NA,NA,NA
WUR,testpen_613,1390,62,17.12.2020,08:40,test pen,11.25,pre,positive,NA,NA,no,44,12.58,45.96,281.526,1.402,NA,NA,NA,NA,NA,NA,NA,NA,NA,NA,NA
WUR,testpen_613,1390,62,17.12.2020,09:08,test pen,11.25,post,positive,NA,NA,no,44,12.58,45.96,81.315,0.396,NA,NA,NA,NA,NA,NA,NA,NA,NA,NA,NA
WUR,testpen_613,1666,69,14.12.2020,07:25,test pen,0.72,pre,negative,NA,NA,no,44,11.19,11.19,112.792,1.320920046,NA,NA,NA,NA,NA,NA,NA,NA,NA,NA,NA
WUR,testpen_613,1666,69,14.12.2020,07:48,test pen,0.72,post,negative,NA,NA,no,44,11.19,11.19,135.896,8.128097775,NA,NA,NA,NA,NA,NA,NA,NA,NA,NA,NA
WUR,testpen_613,1666,70,17.12.2020,08:41,test pen,11.25,pre,positive,NA,NA,no,44,11.19,45.96,107.446,0.592,NA,NA,NA,NA,NA,NA,NA,NA,NA,NA,NA
WUR,testpen_613,1666,70,17.12.2020,09:11,test pen,11.25,post,positive,NA,NA,no,44,11.19,45.96,169.151,NA,NA,NA,NA,NA,NA,NA,NA,NA,NA,NA,NA
WUR,testpen_613,4795,43b,14.12.2020,07:39,test pen,0.72,pre,negative,NA,NA,no,45,9.38,9.38,167.236,1.449919381,NA,NA,NA,NA,NA,NA,NA,NA,NA,NA,NA
WUR,testpen_613,4795,43b,14.12.2020,08:02,test pen,0.72,post,negative,NA,NA,no,45,9.38,9.38,101.828,1.557527332,NA,NA,NA,NA,NA,NA,NA,NA,NA,NA,NA
WUR,testpen_613,4795,44b,17.12.2020,08:40,test pen,11.25,pre,positive,NA,NA,no,45,9.38,45.96,206.665,1.796,NA,NA,NA,NA,NA,NA,NA,NA,NA,NA,NA
WUR,testpen_613,4795,44b,17.12.2020,09:08,test pen,11.25,post,positive,NA,NA,no,45,9.38,45.96,160.523,1.935,NA,NA,NA,NA,NA,NA,NA,NA,NA,NA,NA
WUR,testpen_614,224,1,14.12.2020,10:37,test pen,0.72,pre,negative,NA,NA,no,44,11.62,11.62,NA,2.340621028,NA,NA,NA,NA,NA,NA,NA,NA,NA,NA,NA
WUR,testpen_614,224,1,14.12.2020,11:00,test pen,0.72,post,negative,NA,NA,no,44,11.62,11.62,NA,3.511499516,NA,NA,NA,NA,NA,NA,NA,NA,NA,NA,NA
WUR,testpen_614,224,2,17.12.2020,09:33,test pen,11.25,pre,positive,NA,NA,no,44,11.62,41.6,NA,1.055,NA,NA,NA,NA,NA,NA,NA,NA,NA,NA,NA
WUR,testpen_614,224,2,17.12.2020,10:00,test pen,11.25,post,positive,NA,NA,no,44,11.62,41.6,NA,1.958,NA,NA,NA,NA,NA,NA,NA,NA,NA,NA,NA
WUR,testpen_614,1347,57,14.12.2020,11:56,test pen,0.72,pre,negative,NA,NA,no,44,12.51,12.51,61.542,1.952913579,NA,NA,NA,NA,NA,NA,NA,NA,NA,NA,NA
WUR,testpen_614,1347,57,14.12.2020,12:20,test pen,0.72,post,negative,NA,NA,no,44,12.51,12.51,135.649,1.647293604,NA,NA,NA,NA,NA,NA,NA,NA,NA,NA,NA
WUR,testpen_614,1347,58,17.12.2020,09:35,test pen,11.25,pre,positive,NA,NA,no,44,12.51,41.6,136.037,1.118,NA,NA,NA,NA,NA,NA,NA,NA,NA,NA,NA
WUR,testpen_614,1347,58,17.12.2020,10:03,test pen,11.25,post,positive,NA,NA,no,44,12.51,41.6,80.44,0.488,NA,NA,NA,NA,NA,NA,NA,NA,NA,NA,NA
WUR,testpen_614,2140,1b,14.12.2020,12:11,test pen,0.72,pre,negative,NA,NA,no,45,7.09,7.09,100.48,2.262193218,NA,NA,NA,NA,NA,NA,NA,NA,NA,NA,NA
WUR,testpen_614,2140,1b,14.12.2020,12:34,test pen,0.72,post,negative,NA,NA,no,45,7.09,7.09,91.205,2.843576963,NA,NA,NA,NA,NA,NA,NA,NA,NA,NA,NA
WUR,testpen_614,2140,2b,17.12.2020,09:34,test pen,11.25,pre,positive,NA,NA,no,45,7.09,41.6,138.216,1.524,NA,NA,NA,NA,NA,NA,NA,NA,NA,NA,NA
WUR,testpen_614,2140,2b,17.12.2020,10:00,test pen,11.25,post,positive,NA,NA,no,45,7.09,41.6,80.983,0.932,NA,NA,NA,NA,NA,NA,NA,NA,NA,NA,NA
WUR,testpen_614,4914,45b,14.12.2020,12:25,test pen,0.72,pre,negative,NA,NA,no,43,10.38,10.38,79.486,2.485997668,NA,NA,NA,NA,NA,NA,NA,NA,NA,NA,NA
WUR,testpen_614,4914,45b,14.12.2020,12:48,test pen,0.72,post,negative,NA,NA,no,43,10.38,10.38,194.17,3.904315063,NA,NA,NA,NA,NA,NA,NA,NA,NA,NA,NA
WUR,testpen_614,4914,46b,17.12.2020,09:36,test pen,11.25,pre,positive,NA,NA,no,43,10.38,41.6,142.972,1.052,NA,NA,NA,NA,NA,NA,NA,NA,NA,NA,NA
WUR,testpen_614,4914,46b,17.12.2020,10:00,test pen,11.25,post,positive,NA,NA,no,43,10.38,41.6,80.772,1.45,NA,NA,NA,NA,NA,NA,NA,NA,NA,NA,NA
WUR,testpen_615,1535,65,15.12.2020,09:54,test pen,0.72,pre,negative,NA,NA,no,45,10.48,10.48,184.038,2.628820683,NA,NA,NA,NA,NA,NA,NA,NA,NA,NA,NA
WUR,testpen_615,1535,65,15.12.2020,10:18,test pen,0.72,post,negative,NA,NA,no,45,10.48,10.48,157.732,1.279643515,NA,NA,NA,NA,NA,NA,NA,NA,NA,NA,NA
WUR,testpen_615,1535,66,17.12.2020,10:46,test pen,11.25,pre,positive,NA,NA,no,45,10.48,49.3,112.107,1.139,NA,NA,NA,NA,NA,NA,NA,NA,NA,NA,NA
WUR,testpen_615,1535,66,17.12.2020,11:13,test pen,11.25,post,positive,NA,NA,no,45,10.48,49.3,122.385,0.857,NA,NA,NA,NA,NA,NA,NA,NA,NA,NA,NA
WUR,testpen_615,2613,7b,15.12.2020,10:08,test pen,0.72,pre,negative,NA,NA,no,44,13.48,13.48,82.715,2.247009276,NA,NA,NA,NA,NA,NA,NA,NA,NA,NA,NA
WUR,testpen_615,2613,7b,15.12.2020,10:32,test pen,0.72,post,negative,NA,NA,no,44,13.48,13.48,114.822,2.8186684,NA,NA,NA,NA,NA,NA,NA,NA,NA,NA,NA
WUR,testpen_615,2613,8b,17.12.2020,10:44,test pen,11.25,pre,positive,NA,NA,no,44,13.48,49.3,82.686,1.564,NA,NA,NA,NA,NA,NA,NA,NA,NA,NA,NA
WUR,testpen_615,2613,8b,17.12.2020,11:10,test pen,11.25,post,positive,NA,NA,no,44,13.48,49.3,94.898,1.197,NA,NA,NA,NA,NA,NA,NA,NA,NA,NA,NA
WUR,testpen_615,3168,19b,15.12.2020,10:22,test pen,0.72,pre,negative,NA,NA,no,47,13.15,13.15,134.729,1.33499091,NA,NA,NA,NA,NA,NA,NA,NA,NA,NA,NA
WUR,testpen_615,3168,19b,15.12.2020,10:46,test pen,0.72,post,negative,NA,NA,no,47,13.15,13.15,153.015,3.282967801,NA,NA,NA,NA,NA,NA,NA,NA,NA,NA,NA
WUR,testpen_615,3168,20b,17.12.2020,10:47,test pen,11.25,pre,positive,NA,NA,no,47,13.15,49.3,208.271,1.16614511,NA,NA,NA,NA,NA,NA,NA,NA,NA,NA,NA
WUR,testpen_615,3168,20b,17.12.2020,11:10,test pen,11.25,post,positive,NA,NA,no,47,13.15,49.3,145.995,2.122,NA,NA,NA,NA,NA,NA,NA,NA,NA,NA,NA
WUR,testpen_615,366706,55b,15.12.2020,10:36,test pen,0.72,pre,negative,NA,NA,no,46,12.19,12.19,158.739,2.041743001,NA,NA,NA,NA,NA,NA,NA,NA,NA,NA,NA
WUR,testpen_615,366706,55b,15.12.2020,11:00,test pen,0.72,post,negative,NA,NA,no,46,12.19,12.19,97.81,5.2704315,NA,NA,NA,NA,NA,NA,NA,NA,NA,NA,NA
WUR,testpen_615,366706,56b,17.12.2020,10:48,test pen,11.25,pre,positive,NA,NA,no,46,12.19,49.3,191.142,1.031,NA,NA,NA,NA,NA,NA,NA,NA,NA,NA,NA
WUR,testpen_615,366706,56b,17.12.2020,11:11,test pen,11.25,post,positive,NA,NA,no,46,12.19,49.3,157.991,1.107,NA,NA,NA,NA,NA,NA,NA,NA,NA,NA,NA
WUR,testpen_616,2652,9b,15.12.2020,14:44,test pen,0.72,pre,negative,NA,NA,no,45,11.28,11.28,114.243,1.718489747,NA,NA,NA,NA,NA,NA,NA,NA,NA,NA,NA
WUR,testpen_616,2652,9b,15.12.2020,15:09,test pen,0.72,post,negative,NA,NA,no,45,11.28,11.28,143.792,2.522061863,NA,NA,NA,NA,NA,NA,NA,NA,NA,NA,NA
WUR,testpen_616,2652,10b,17.12.2020,11:34,test pen,11.25,pre,positive,NA,NA,no,45,11.28,44.86,174.257,3.569,NA,NA,NA,NA,NA,NA,NA,NA,NA,NA,NA
WUR,testpen_616,2652,10b,17.12.2020,12:00,test pen,11.25,post,positive,NA,NA,no,45,11.28,44.86,304.605,NA,NA,NA,NA,NA,NA,NA,NA,NA,NA,NA,NA
WUR,testpen_616,2831,11b,15.12.2020,15:12,test pen,0.72,pre,negative,NA,NA,no,47,18.48,18.48,80.765,0.806866927,NA,NA,NA,NA,NA,NA,NA,NA,NA,NA,NA
WUR,testpen_616,2831,11b,15.12.2020,15:37,test pen,0.72,post,negative,NA,NA,no,47,18.48,18.48,146.758,1.265897603,NA,NA,NA,NA,NA,NA,NA,NA,NA,NA,NA
WUR,testpen_616,2831,12b,17.12.2020,11:33,test pen,11.25,pre,positive,NA,NA,no,47,18.48,44.86,92.83,1.016,NA,NA,NA,NA,NA,NA,NA,NA,NA,NA,NA
WUR,testpen_616,2831,12b,17.12.2020,12:00,test pen,11.25,post,positive,NA,NA,no,47,18.48,44.86,106.962,2.364,NA,NA,NA,NA,NA,NA,NA,NA,NA,NA,NA
WUR,testpen_616,274306,53b,15.12.2020,14:59,test pen,0.72,pre,negative,NA,NA,no,46,15.1,15.1,152.138,2.487307487,NA,NA,NA,NA,NA,NA,NA,NA,NA,NA,NA
WUR,testpen_616,274306,53b,15.12.2020,15:23,test pen,0.72,post,negative,NA,NA,no,46,15.1,15.1,153.436,6.940858526,NA,NA,NA,NA,NA,NA,NA,NA,NA,NA,NA
WUR,testpen_616,274306,54b,17.12.2020,11:35,test pen,11.25,pre,positive,NA,NA,no,46,15.1,44.86,205.864,1.512,NA,NA,NA,NA,NA,NA,NA,NA,NA,NA,NA
WUR,testpen_616,274306,54b,17.12.2020,12:00,test pen,11.25,post,positive,NA,NA,no,46,15.1,44.86,82.543,3.07,NA,NA,NA,NA,NA,NA,NA,NA,NA,NA,NA
